order_item_id,order_id,product_id,quantity,unit_price
2875,1176,25,2.0,110.49
2568,1053,23,3.0,63.17
1532,630,13,2.0,205.59
1391,571,45,3.0,255.49
2551,1046,24,2.0,208.86
1154,474,17,1.0,320.93
1515,624,3,1.0,364.95
2692,1103,34,3.0,207.42
1529,629,3,3.0,364.95
2228,919,9,1.0,59.25
342,142,26,1.0,214.51
3071,1253,16,1.0,332.14
3100,1265,38,3.0,15.86
924,382,12,3.0,209.11
2839,1160,37,1.0,244.04
683,278,6,3.0,193.67
178,80,41,2.0,286.89
550,221,44,3.0,96.95
2924,1197,45,1.0,255.49
1724,708,41,2.0,286.89
868,356,38,1.0,15.86
902,374,13,2.0,205.59
232,101,5,1.0,159.77
1911,794,11,1.0,47.08
1703,698,30,3.0,162.31
1593,654,10,1.0,341.69
927,382,23,3.0,63.17
461,187,14,3.0,262.99
2518,1033,3,2.0,364.95
2164,895,36,1.0,34.97
1064,435,32,2.0,51.46
314,132,10,3.0,341.69
1205,495,16,3.0,332.14
1542,635,25,1.0,110.49
2738,1121,17,3.0,320.93
171,77,41,3.0,286.89
3041,1242,32,3.0,51.46
539,216,26,3.0,214.51
1553,639,12,2.0,209.11
1206,495,18,2.0,157.79
3060,1250,28,1.0,156.32
1770,727,30,2.0,162.31
641,258,45,3.0,255.49
421,170,20,2.0,362.1
1783,734,23,3.0,63.17
2318,955,37,3.0,244.04
2155,892,33,2.0,259.13
158,70,28,1.0,156.32
2123,880,1,2.0,139.1
1676,687,1,2.0,139.1
761,311,25,2.0,110.49
82,39,23,2.0,63.17
1481,609,6,2.0,193.67
541,217,29,2.0,47.88
2458,1007,11,1.0,47.08
2244,924,29,3.0,47.88
1133,463,34,2.0,207.42
2383,982,3,1.0,364.95
2122,879,6,2.0,193.67
2984,1223,17,3.0,320.93
399,163,43,3.0,123.55
1494,614,40,1.0,324.1
2870,1172,30,3.0,162.31
1350,553,38,2.0,15.86
2388,983,12,1.0,209.11
704,288,13,2.0,205.59
1165,478,6,2.0,193.67
49,25,40,3.0,324.1
386,158,14,1.0,262.99
2124,881,30,3.0,162.31
810,333,26,3.0,214.51
2254,928,42,3.0,192.54
2345,968,41,1.0,286.89
763,312,23,3.0,63.17
703,288,9,2.0,59.25
1734,713,40,3.0,324.1
2648,1088,33,2.0,259.13
542,217,38,2.0,15.86
309,131,31,3.0,123.61
1014,417,6,3.0,193.67
2069,858,15,2.0,87.26
497,201,29,1.0,47.88
2710,1111,18,2.0,157.79
84,40,43,2.0,123.55
2100,871,37,2.0,244.04
1551,639,24,3.0,208.86
226,99,16,1.0,332.14
909,377,30,1.0,162.31
2312,953,24,3.0,208.86
1591,654,24,3.0,208.86
2042,850,27,2.0,63.64
244,106,43,3.0,123.55
678,275,16,1.0,332.14
1898,788,15,1.0,87.26
1465,602,8,3.0,151.06
1446,595,19,3.0,29.34
1505,618,40,1.0,324.1
2694,1104,43,1.0,123.55
3002,1229,14,2.0,262.99
1382,567,44,1.0,96.95
2659,1091,5,2.0,159.77
445,181,13,3.0,205.59
1183,485,45,2.0,255.49
1147,470,23,3.0,63.17
1308,533,45,1.0,255.49
2129,882,6,1.0,193.67
1905,791,29,2.0,47.88
2495,1021,5,1.0,159.77
1037,423,6,2.0,193.67
2975,1221,29,1.0,47.88
2128,882,20,1.0,362.1
2482,1017,41,3.0,286.89
481,196,23,3.0,63.17
183,82,23,2.0,63.17
1091,445,23,1.0,63.17
272,117,26,1.0,214.51
2368,975,38,1.0,15.86
2304,950,25,2.0,110.49
1049,428,2,1.0,177.95
2736,1121,38,3.0,15.86
1074,439,44,2.0,96.95
260,114,21,3.0,358.32
2294,945,18,1.0,157.79
2334,963,41,3.0,286.89
1486,611,14,3.0,262.99
663,268,15,3.0,87.26
967,399,33,1.0,259.13
1143,469,27,3.0,63.64
2209,914,1,1.0,139.1
1924,799,25,1.0,110.49
1816,750,1,2.0,139.1
199,88,43,2.0,123.55
875,358,32,1.0,51.46
1988,829,8,3.0,151.06
2649,1088,45,3.0,255.49
2786,1141,27,3.0,63.64
2812,1151,4,1.0,71.42
1965,819,35,2.0,60.59
1492,614,32,3.0,51.46
2287,943,39,2.0,93.15
3034,1239,34,2.0,207.42
1357,556,4,2.0,71.42
198,87,39,2.0,93.15
2915,1194,31,1.0,123.61
1682,690,6,1.0,193.67
2404,989,31,1.0,123.61
2828,1156,29,1.0,47.88
2080,862,5,2.0,159.77
2843,1162,39,1.0,93.15
1041,424,29,2.0,47.88
2488,1019,17,2.0,320.93
275,118,33,2.0,259.13
2473,1013,26,3.0,214.51
1364,559,39,1.0,93.15
2611,1073,40,2.0,324.1
1708,701,44,1.0,96.95
1785,736,31,3.0,123.61
1861,771,39,1.0,93.15
2961,1214,41,1.0,286.89
2265,934,12,1.0,209.11
1053,429,20,3.0,362.1
2385,982,13,,205.59
2474,1014,30,2.0,162.31
849,350,20,3.0,362.1
3007,1231,14,1.0,262.99
853,351,9,2.0,59.25
733,301,37,2.0,244.04
1324,540,34,2.0,207.42
2756,1129,16,3.0,332.14
2063,857,34,1.0,207.42
2314,953,18,3.0,157.79
2163,894,11,2.0,47.08
1635,671,25,3.0,110.49
71,33,39,3.0,93.15
2249,926,22,2.0,258.01
1220,500,31,1.0,123.61
1286,525,29,2.0,47.88
2617,1076,6,3.0,193.67
1772,728,1,2.0,139.1
1725,709,13,3.0,205.59
973,400,27,1.0,63.64
246,108,42,2.0,192.54
2887,1182,2,1.0,177.95
1622,666,1,1.0,139.1
1317,537,40,2.0,324.1
131,58,17,1.0,320.93
2462,1008,5,1.0,159.77
2675,1097,41,1.0,286.89
3083,1258,12,3.0,209.11
2417,993,9,1.0,59.25
558,223,37,2.0,244.04
2130,882,9,1.0,59.25
2391,985,16,3.0,332.14
23,10,35,3.0,60.59
735,302,4,1.0,71.42
2686,1101,25,3.0,110.49
1268,517,34,3.0,207.42
1473,604,1,3.0,139.1
2595,1066,22,1.0,258.01
373,153,42,2.0,192.54
1356,556,6,2.0,193.67
1961,816,38,1.0,15.86
52,26,30,2.0,162.31
1573,645,30,2.0,162.31
905,375,16,1.0,332.14
236,102,41,1.0,286.89
1193,490,35,1.0,60.59
2422,995,27,2.0,63.64
2061,856,8,2.0,151.06
2574,1055,39,3.0,93.15
2243,924,20,2.0,362.1
774,318,20,1.0,362.1
224,98,45,2.0,255.49
2074,860,8,1.0,151.06
2618,1076,23,3.0,63.17
1743,717,4,3.0,71.42
343,143,25,2.0,110.49
1255,512,41,2.0,286.89
1263,515,39,2.0,93.15
326,137,19,1.0,29.34
1117,457,15,3.0,87.26
361,150,6,2.0,193.67
748,306,45,1.0,255.49
1704,699,7,1.0,137.16
2767,1135,20,2.0,362.1
3095,1263,42,3.0,192.54
1089,444,44,3.0,96.95
2925,1197,7,2.0,137.16
675,274,13,3.0,205.59
2665,1093,45,1.0,255.49
1850,767,37,3.0,244.04
2047,851,31,2.0,123.61
2790,1142,8,1.0,151.06
2441,1001,38,2.0,15.86
2999,1228,21,1.0,358.32
441,179,36,3.0,34.97
1882,782,20,1.0,362.1
2198,910,42,1.0,192.54
1774,728,25,1.0,110.49
16,7,42,3.0,192.54
728,297,7,3.0,137.16
1879,781,3,3.0,364.95
1775,729,44,3.0,96.95
1226,503,21,2.0,358.32
1885,784,23,3.0,63.17
427,173,13,2.0,205.59
740,304,38,1.0,15.86
76,36,25,2.0,110.49
2289,943,44,1.0,96.95
2632,1083,15,1.0,87.26
482,197,1,1.0,139.1
602,242,45,3.0,255.49
2170,898,36,3.0,34.97
2248,925,21,3.0,358.32
535,215,16,1.0,332.14
2807,1149,15,2.0,87.26
1202,493,8,2.0,151.06
919,380,45,1.0,255.49
2753,1129,45,3.0,255.49
2889,1183,25,3.0,110.49
2671,1094,44,2.0,96.95
1561,642,36,2.0,34.97
1451,598,6,3.0,193.67
432,175,9,2.0,59.25
2108,875,37,1.0,244.04
1753,720,39,3.0,93.15
1337,546,7,2.0,137.16
2058,855,32,2.0,51.46
330,139,19,3.0,29.34
2633,1083,17,1.0,320.93
1096,448,17,3.0,320.93
1487,612,31,3.0,123.61
2246,925,43,3.0,123.55
436,177,10,1.0,341.69
95,44,27,1.0,63.64
1570,645,8,2.0,151.06
293,126,44,3.0,96.95
1261,514,45,2.0,255.49
2534,1040,22,3.0,258.01
2435,1000,26,2.0,214.51
2066,858,4,1.0,71.42
498,201,28,2.0,156.32
1135,465,19,3.0,29.34
255,112,9,1.0,59.25
2645,1087,30,1.0,162.31
880,361,31,3.0,123.61
2029,845,6,1.0,193.67
2178,902,24,1.0,208.86
1006,413,17,2.0,320.93
2678,1098,42,3.0,192.54
2672,1095,7,2.0,137.16
1857,769,18,3.0,157.79
86,40,3,1.0,364.95
1860,770,41,1.0,286.89
1156,475,40,3.0,324.1
170,76,41,2.0,286.89
3093,1262,45,2.0,255.49
2603,1069,39,3.0,93.15
3068,1253,41,3.0,286.89
2298,947,45,1.0,255.49
1435,591,16,3.0,332.14
3063,1251,17,1.0,320.93
2361,973,9,2.0,59.25
946,390,2,1.0,177.95
1007,413,9,1.0,59.25
1484,611,34,3.0,207.42
2180,903,22,3.0,258.01
1428,587,45,3.0,255.49
2133,883,42,3.0,192.54
74,34,22,1.0,258.01
454,184,1,2.0,139.1
1836,761,38,1.0,15.86
859,353,43,2.0,123.55
1944,809,23,3.0,63.17
2783,1141,43,2.0,123.55
55,27,28,1.0,156.32
2194,909,40,2.0,324.1
490,199,20,2.0,362.1
1235,506,42,2.0,192.54
163,73,3,2.0,364.95
1738,715,21,3.0,358.32
2195,909,10,2.0,341.69
1454,598,45,3.0,255.49
2092,869,42,2.0,192.54
606,244,26,2.0,214.51
360,149,21,2.0,358.32
2310,952,6,3.0,193.67
525,210,29,2.0,47.88
159,70,6,2.0,193.67
831,341,8,2.0,151.06
2613,1074,41,2.0,286.89
2539,1041,14,3.0,262.99
2987,1225,5,3.0,159.77
1001,412,29,1.0,47.88
152,67,30,3.0,162.31
1516,624,18,2.0,157.79
1052,429,10,3.0,341.69
1983,827,42,3.0,192.54
724,295,33,1.0,259.13
2109,875,4,1.0,71.42
691,282,38,1.0,15.86
115,51,18,3.0,157.79
154,67,25,1.0,110.49
180,81,23,3.0,63.17
422,171,14,2.0,262.99
2022,843,29,1.0,47.88
2070,859,8,2.0,151.06
754,308,41,2.0,286.89
2303,949,42,1.0,192.54
2639,1085,28,1.0,156.32
1712,703,45,3.0,255.49
860,353,36,1.0,34.97
2538,1041,16,1.0,332.14
1523,626,13,3.0,205.59
2815,1152,31,1.0,123.61
1325,540,40,1.0,324.1
1503,618,26,1.0,214.51
3076,1256,6,2.0,193.67
1036,423,3,1.0,364.95
2438,1000,1,1.0,139.1
1587,653,26,1.0,214.51
1432,589,27,1.0,63.64
598,239,19,1.0,29.34
1548,638,30,-1.0,162.31
403,165,4,1.0,71.42
1637,672,1,3.0,139.1
2707,1109,43,1.0,123.55
1688,692,23,2.0,63.17
2302,949,6,3.0,193.67
624,252,21,3.0,358.32
516,207,3,3.0,364.95
3081,1257,32,3.0,51.46
794,325,20,2.0,362.1
3043,1242,35,3.0,60.59
888,365,28,2.0,156.32
2256,930,8,3.0,151.06
904,375,22,1.0,258.01
189,85,17,2.0,320.93
1865,773,9,3.0,59.25
514,206,25,2.0,110.49
1888,785,38,1.0,15.86
726,296,18,1.0,157.79
2242,924,37,2.0,244.04
1464,602,12,1.0,209.11
2898,1188,17,3.0,320.93
2037,848,8,1.0,151.06
2274,938,4,2.0,71.42
2921,1196,45,1.0,255.49
2255,929,37,3.0,244.04
371,152,5,2.0,159.77
1427,587,6,1.0,193.67
225,99,9,2.0,59.25
926,382,25,3.0,110.49
2415,992,14,3.0,262.99
1976,824,18,3.0,157.79
359,149,11,3.0,47.08
2084,864,30,3.0,162.31
2114,876,37,3.0,244.04
2281,941,24,1.0,208.86
102,46,20,2.0,362.1
918,379,22,2.0,258.01
297,127,27,3.0,63.64
1276,520,7,2.0,137.16
1579,649,14,3.0,262.99
3028,1237,13,2.0,205.59
1303,532,13,2.0,205.59
2306,950,23,3.0,63.17
665,269,31,2.0,123.61
2081,863,44,2.0,96.95
2344,968,40,1.0,324.1
385,157,43,2.0,123.55
1709,701,37,2.0,244.04
415,168,13,3.0,205.59
1334,546,45,1.0,255.49
2491,1020,26,2.0,214.51
990,407,10,2.0,341.69
262,115,32,2.0,51.46
245,107,2,1.0,177.95
487,198,9,2.0,59.25
1092,446,24,3.0,208.86
2743,1123,23,3.0,63.17
2156,893,27,2.0,63.64
2490,1020,22,1.0,258.01
1057,432,27,3.0,63.64
2290,944,3,3.0,364.95
1316,536,5,3.0,159.77
2399,987,3,3.0,364.95
2840,1160,4,3.0,71.42
1016,417,15,2.0,87.26
2322,957,34,1.0,207.42
1618,663,31,3.0,123.61
149,66,29,1.0,47.88
2149,891,42,2.0,192.54
2315,953,32,1.0,51.46
118,52,24,1.0,208.86
167,74,2,3.0,177.95
876,359,29,2.0,47.88
2599,1067,4,3.0,71.42
1920,798,7,3.0,137.16
2342,966,6,1.0,193.67
1496,615,14,3.0,262.99
2800,1147,41,1.0,286.89
629,254,19,2.0,29.34
784,322,25,2.0,110.49
1137,466,37,1.0,244.04
2894,1187,43,2.0,123.55
891,366,15,1.0,87.26
2758,1130,34,1.0,207.42
1632,669,14,1.0,262.99
756,309,21,3.0,358.32
1118,457,27,1.0,63.64
2978,1222,27,2.0,63.64
934,386,44,1.0,96.95
409,166,35,2.0,60.59
1824,755,13,1.0,205.59
2038,849,32,2.0,51.46
1817,750,35,3.0,60.59
2229,920,31,2.0,123.61
1714,704,9,1.0,59.25
339,142,33,3.0,259.13
1194,491,32,2.0,51.46
156,68,42,2.0,192.54
2053,853,1,2.0,139.1
1691,694,5,2.0,159.77
1397,575,33,3.0,259.13
145,63,43,2.0,123.55
2147,890,18,3.0,157.79
921,380,27,1.0,63.64
561,225,23,1.0,63.17
2822,1154,38,2.0,15.86
533,214,20,1.0,362.1
20,10,24,2.0,208.86
106,48,16,2.0,332.14
694,283,8,1.0,151.06
2972,1219,21,1.0,358.32
619,250,41,2.0,286.89
150,66,15,2.0,87.26
1977,825,26,1.0,214.51
2157,893,44,1.0,96.95
2190,908,27,3.0,63.64
994,409,45,1.0,255.49
1283,523,18,2.0,157.79
1309,534,39,1.0,93.15
625,252,9,1.0,59.25
1238,507,12,1.0,209.11
1634,670,11,2.0,47.08
557,223,9,1.0,59.25
917,379,24,1.0,208.86
2622,1078,20,1.0,362.1
910,377,4,1.0,71.42
1916,796,42,2.0,192.54
64,31,43,3.0,123.55
435,177,5,1.0,159.77
1951,812,38,3.0,15.86
2836,1158,41,2.0,286.89
162,73,9,2.0,59.25
1629,668,39,2.0,93.15
307,130,18,2.0,157.79
1811,747,14,1.0,262.99
630,254,42,2.0,192.54
1554,640,32,1.0,51.46
2933,1200,8,3.0,151.06
11,5,1,1.0,139.1
1126,460,12,2.0,209.11
2307,951,13,1.0,205.59
2802,1148,18,1.0,157.79
2351,970,28,3.0,156.32
2160,894,9,3.0,59.25
2460,1008,12,2.0,209.11
790,324,15,3.0,87.26
1280,522,32,3.0,51.46
1562,642,42,3.0,192.54
2948,1204,25,3.0,110.49
2777,1138,29,1.0,47.88
2727,1117,18,2.0,157.79
2166,896,33,1.0,259.13
2872,1174,5,1.0,159.77
517,207,24,3.0,208.86
536,215,34,3.0,207.42
758,310,17,1.0,320.93
697,285,14,2.0,262.99
1758,722,28,2.0,156.32
676,274,19,3.0,29.34
57,28,27,2.0,63.64
2824,1155,6,3.0,193.67
821,336,18,3.0,157.79
2142,888,3,2.0,364.95
727,297,11,1.0,47.08
68,32,7,1.0,137.16
1986,828,27,3.0,63.64
2578,1058,17,3.0,320.93
653,264,23,3.0,63.17
2425,996,42,1.0,192.54
3017,1234,43,3.0,123.55
1312,535,30,3.0,162.31
513,206,28,1.0,156.32
1823,755,18,1.0,157.79
2982,1223,33,1.0,259.13
2023,843,31,3.0,123.61
2288,943,17,3.0,320.93
1815,750,10,3.0,341.69
258,112,36,2.0,34.97
1892,787,45,2.0,255.49
2718,1114,43,3.0,123.55
3085,1258,1,3.0,139.1
306,130,16,1.0,332.14
308,130,36,2.0,34.97
1837,761,25,2.0,110.49
2478,1015,27,1.0,63.64
2267,935,40,2.0,324.1
2547,1045,12,2.0,209.11
1390,571,10,2.0,341.69
1662,682,22,1.0,258.01
2809,1150,4,2.0,71.42
947,390,7,3.0,137.16
1342,548,25,3.0,110.49
2730,1119,34,2.0,207.42
567,227,18,2.0,157.79
1722,707,12,3.0,209.11
234,102,9,3.0,59.25
523,209,7,2.0,137.16
2360,973,16,1.0,332.14
2286,943,18,2.0,157.79
338,141,22,3.0,258.01
2702,1107,43,1.0,123.55
1560,641,9,2.0,59.25
38,19,38,1.0,15.86
2434,999,17,2.0,320.93
1540,633,5,3.0,159.77
2558,1049,25,2.0,110.49
251,109,31,2.0,123.61
2172,899,29,2.0,47.88
1331,544,15,3.0,87.26
943,389,30,1.0,162.31
1290,526,21,3.0,358.32
230,101,27,2.0,63.64
2382,981,23,1.0,63.17
788,323,37,1.0,244.04
660,267,33,3.0,259.13
2333,962,16,1.0,332.14
1069,437,43,1.0,123.55
2293,945,36,2.0,34.97
2268,936,25,1.0,110.49
313,132,23,2.0,63.17
1663,682,4,2.0,71.42
2612,1073,44,3.0,96.95
582,235,16,3.0,332.14
1026,420,32,1.0,51.46
56,27,29,2.0,47.88
268,116,42,2.0,192.54
588,237,33,2.0,259.13
1567,644,37,1.0,244.04
59,28,21,2.0,358.32
393,161,20,3.0,362.1
693,283,27,2.0,63.64
2327,959,18,2.0,157.79
1274,519,40,2.0,324.1
353,146,39,2.0,93.15
1004,413,18,1.0,157.79
1525,627,14,2.0,262.99
1469,603,39,3.0,93.15
334,140,33,1.0,259.13
1534,631,8,2.0,151.06
1686,692,41,1.0,286.89
2301,949,35,1.0,60.59
2908,1191,16,3.0,332.14
982,404,23,3.0,63.17
1497,616,23,1.0,63.17
3001,1229,31,3.0,123.61
505,203,18,1.0,157.79
216,94,16,3.0,332.14
2728,1118,12,3.0,209.11
1527,628,1,2.0,139.1
2874,1175,34,1.0,207.42
2554,1047,40,2.0,324.1
2748,1127,1,3.0,139.1
671,272,44,1.0,96.95
2890,1184,19,2.0,29.34
2821,1154,24,3.0,208.86
2354,970,22,2.0,258.01
3003,1229,4,2.0,71.42
537,216,30,1.0,162.31
489,198,20,1.0,362.1
2932,1199,20,2.0,362.1
1760,723,27,1.0,63.64
2527,1036,33,3.0,259.13
3077,1256,5,2.0,159.77
2855,1166,21,2.0,358.32
781,321,26,3.0,214.51
264,115,2,2.0,177.95
883,362,2,1.0,177.95
2443,1002,28,2.0,156.32
721,294,35,2.0,60.59
2519,1033,5,2.0,159.77
2788,1142,25,1.0,110.49
2418,994,15,2.0,87.26
2171,898,18,3.0,157.79
767,314,5,2.0,159.77
3051,1246,44,2.0,96.95
327,137,21,1.0,358.32
2873,1174,10,2.0,341.69
547,220,39,2.0,93.15
2151,891,29,1.0,47.88
885,363,7,3.0,137.16
2421,995,28,2.0,156.32
906,375,1,3.0,139.1
1814,749,26,2.0,214.51
366,151,20,1.0,362.1
103,47,34,3.0,207.42
1297,530,24,1.0,208.86
701,287,7,1.0,137.16
2598,1067,1,3.0,139.1
1808,746,8,2.0,151.06
1711,702,5,2.0,159.77
93,43,3,2.0,364.95
1819,751,29,3.0,47.88
2697,1105,8,1.0,151.06
977,402,36,1.0,34.97
848,350,42,1.0,192.54
100,46,6,2.0,193.67
323,136,36,1.0,34.97
2335,964,2,2.0,177.95
1982,826,42,2.0,192.54
846,349,7,2.0,137.16
1456,600,33,3.0,259.13
259,113,19,2.0,29.34
2390,985,30,2.0,162.31
2179,903,31,2.0,123.61
2040,849,9,3.0,59.25
555,223,27,2.0,63.64
705,289,5,3.0,159.77
1217,499,20,3.0,362.1
847,350,17,1.0,320.93
1671,686,32,1.0,51.46
1381,567,13,2.0,205.59
3073,1254,4,1.0,71.42
2020,842,34,3.0,207.42
2695,1104,8,3.0,151.06
2230,920,3,1.0,364.95
1170,480,18,1.0,157.79
2596,1067,44,2.0,96.95
138,60,25,1.0,110.49
1000,411,24,3.0,208.86
507,204,44,1.0,96.95
933,386,43,2.0,123.55
983,405,44,1.0,96.95
2136,885,11,1.0,47.08
1500,617,5,3.0,159.77
1279,521,10,2.0,341.69
2481,1016,37,2.0,244.04
1829,758,1,2.0,139.1
899,372,7,2.0,137.16
2634,1083,8,1.0,151.06
2453,1006,26,1.0,214.51
808,332,17,2.0,320.93
495,200,7,2.0,137.16
1777,730,8,2.0,151.06
2515,1032,1,2.0,139.1
1104,451,14,1.0,262.99
2004,835,25,3.0,110.49
2715,1113,5,3.0,159.77
2565,1051,24,3.0,208.86
2325,958,30,3.0,162.31
87,41,9,2.0,59.25
1569,644,35,3.0,60.59
936,387,42,1.0,192.54
2590,1063,33,2.0,259.13
1713,703,24,1.0,208.86
2117,878,6,3.0,193.67
851,351,21,1.0,358.32
2397,987,41,3.0,286.89
8,4,10,1.0,341.69
2414,992,26,2.0,214.51
1732,713,17,1.0,320.93
139,60,42,3.0,192.54
2849,1163,20,2.0,362.1
1677,688,35,1.0,60.59
2879,1179,9,3.0,59.25
2494,1021,30,3.0,162.31
1851,767,28,2.0,156.32
3038,1241,40,1.0,324.1
750,307,12,3.0,209.11
1886,784,11,3.0,47.08
1893,787,38,3.0,15.86
2024,843,9,3.0,59.25
2132,883,31,1.0,123.61
843,348,33,3.0,259.13
2845,1162,14,3.0,262.99
464,189,35,1.0,60.59
463,189,44,3.0,96.95
2573,1055,17,2.0,320.93
805,330,27,1.0,63.64
1679,690,4,2.0,71.42
1874,778,8,1.0,151.06
739,303,13,1.0,205.59
2502,1024,3,3.0,364.95
3066,1252,2,3.0,177.95
1799,742,22,2.0,258.01
845,349,44,1.0,96.95
2794,1144,32,3.0,51.46
1964,819,43,2.0,123.55
1998,833,31,1.0,123.61
707,289,13,1.0,205.59
2605,1070,43,3.0,123.55
911,377,7,2.0,137.16
1751,719,30,2.0,162.31
1940,807,19,1.0,29.34
429,174,17,3.0,320.93
616,248,25,3.0,110.49
571,230,3,2.0,364.95
1581,649,21,2.0,358.32
1919,797,7,2.0,137.16
1120,458,44,3.0,96.95
51,25,38,2.0,15.86
127,55,16,2.0,332.14
1636,671,44,2.0,96.95
2337,964,41,1.0,286.89
2141,887,7,2.0,137.16
177,79,35,3.0,60.59
213,93,37,1.0,244.04
1960,815,20,3.0,362.1
1038,423,5,3.0,159.77
442,180,2,3.0,177.95
358,148,8,3.0,151.06
1747,718,18,1.0,157.79
2943,1203,15,3.0,87.26
1249,510,3,3.0,364.95
590,237,45,2.0,255.49
938,388,5,2.0,159.77
280,121,22,3.0,258.01
1707,701,8,3.0,151.06
974,401,29,3.0,47.88
2407,990,34,2.0,207.42
2757,1130,44,1.0,96.95
714,292,10,3.0,341.69
2520,1033,14,3.0,262.99
1605,658,37,1.0,244.04
1603,658,27,2.0,63.64
2971,1219,30,1.0,162.31
1726,709,8,1.0,151.06
1018,418,36,3.0,34.97
1941,807,21,3.0,358.32
1369,561,6,2.0,193.67
2000,833,16,2.0,332.14
488,198,18,1.0,157.79
996,410,1,3.0,139.1
1002,412,12,1.0,209.11
1910,793,8,1.0,151.06
1439,592,34,1.0,207.42
1200,493,12,3.0,209.11
799,327,28,3.0,156.32
1008,414,10,2.0,341.69
453,184,41,1.0,286.89
966,398,1,3.0,139.1
1721,707,16,1.0,332.14
720,294,41,1.0,286.89
1736,714,32,3.0,51.46
1327,542,36,3.0,34.97
2206,913,4,3.0,71.42
2826,1155,9,1.0,59.25
185,83,31,1.0,123.61
2935,1200,4,3.0,71.42
2260,932,32,1.0,51.46
187,83,12,2.0,209.11
2911,1192,25,2.0,110.49
2367,975,34,3.0,207.42
1674,687,26,3.0,214.51
737,303,22,2.0,258.01
474,193,6,2.0,193.67
1248,509,19,1.0,29.34
2847,1163,34,2.0,207.42
504,203,25,2.0,110.49
552,222,8,1.0,151.06
2067,858,13,1.0,205.59
402,164,35,1.0,60.59
1934,804,28,2.0,156.32
92,43,26,1.0,214.51
2850,1164,19,3.0,29.34
1198,492,34,2.0,207.42
1507,619,42,3.0,192.54
3030,1238,45,2.0,255.49
1900,789,24,2.0,208.86
2837,1159,11,3.0,47.08
652,264,32,3.0,51.46
2517,1032,14,1.0,262.99
1805,745,35,1.0,60.59
1922,799,2,3.0,177.95
1787,737,40,3.0,324.1
766,313,3,2.0,364.95
2621,1078,6,2.0,193.67
1278,521,6,1.0,193.67
1735,713,30,1.0,162.31
2511,1030,41,1.0,286.89
2075,860,23,1.0,63.17
2447,1004,23,2.0,63.17
375,154,6,1.0,193.67
637,256,12,3.0,209.11
2140,887,1,2.0,139.1
1993,831,16,1.0,332.14
1650,677,44,2.0,96.95
2167,896,3,2.0,364.95
2563,1051,26,2.0,214.51
645,260,26,3.0,214.51
1457,600,40,2.0,324.1
1083,442,3,3.0,364.95
302,129,35,3.0,60.59
1718,706,45,1.0,255.49
420,170,23,3.0,63.17
951,391,14,2.0,262.99
2934,1200,10,1.0,341.69
519,208,11,1.0,47.08
605,244,4,3.0,71.42
589,237,18,2.0,157.79
2277,939,18,3.0,157.79
31,15,4,2.0,71.42
2126,881,26,3.0,214.51
346,144,45,3.0,255.49
1125,459,13,2.0,205.59
2698,1105,3,3.0,364.95
2357,972,41,2.0,286.89
1127,461,35,3.0,60.59
886,363,25,3.0,110.49
981,403,12,3.0,209.11
2629,1081,43,1.0,123.55
369,152,23,1.0,63.17
2901,1189,5,3.0,159.77
1958,814,32,1.0,51.46
580,233,11,2.0,47.08
2349,969,40,3.0,324.1
2684,1100,2,3.0,177.95
1796,741,42,1.0,192.54
538,216,15,1.0,87.26
688,281,17,3.0,320.93
2102,873,32,3.0,51.46
2588,1062,11,1.0,47.08
1386,570,22,1.0,258.01
2967,1217,14,3.0,262.99
2548,1045,39,3.0,93.15
1129,462,35,3.0,60.59
126,55,3,3.0,364.95
169,76,27,3.0,63.64
3019,1235,32,2.0,51.46
1997,832,32,3.0,51.46
2240,923,8,3.0,151.06
2169,898,3,1.0,364.95
1225,502,42,3.0,192.54
2375,979,32,1.0,51.46
460,186,44,3.0,96.95
734,301,13,3.0,205.59
1880,782,3,3.0,364.95
783,321,32,1.0,51.46
174,78,40,3.0,324.1
878,360,6,3.0,193.67
395,162,36,3.0,34.97
752,308,40,3.0,324.1
3014,1233,37,3.0,244.04
1244,508,36,3.0,34.97
344,143,16,2.0,332.14
1729,711,10,3.0,341.69
941,389,16,3.0,332.14
1179,483,44,2.0,96.95
1271,518,13,1.0,205.59
522,209,28,1.0,156.32
1901,790,21,2.0,358.32
1803,743,9,1.0,59.25
1572,645,39,1.0,93.15
1858,770,19,1.0,29.34
2553,1047,33,1.0,259.13
1412,581,29,1.0,47.88
2993,1226,12,2.0,209.11
3069,1253,23,1.0,63.17
1458,600,11,1.0,47.08
2819,1153,8,1.0,151.06
2567,1052,25,3.0,110.49
2601,1069,31,2.0,123.61
548,220,25,3.0,110.49
2181,904,27,3.0,63.64
877,360,32,1.0,51.46
96,44,19,2.0,29.34
2614,1075,21,3.0,358.32
607,245,42,1.0,192.54
1201,493,30,2.0,162.31
2331,961,22,3.0,258.01
153,67,19,2.0,29.34
2436,1000,38,3.0,15.86
510,205,45,2.0,255.49
2384,982,2,2.0,177.95
1351,553,16,2.0,332.14
655,265,9,2.0,59.25
2027,844,26,1.0,214.51
2440,1001,34,3.0,207.42
646,260,38,3.0,15.86
623,252,28,2.0,156.32
687,280,38,3.0,15.86
1320,539,3,1.0,364.95
2991,1226,7,2.0,137.16
1406,578,41,2.0,286.89
3004,1229,2,2.0,177.95
3078,1257,2,3.0,177.95
249,109,42,1.0,192.54
380,155,1,2.0,139.1
1267,516,25,1.0,110.49
823,337,32,2.0,51.46
554,222,20,2.0,362.1
604,243,42,2.0,192.54
969,399,45,1.0,255.49
2479,1015,16,3.0,332.14
283,122,26,2.0,214.51
1659,681,45,1.0,255.49
791,324,36,2.0,34.97
971,400,33,3.0,259.13
301,128,21,2.0,358.32
1265,515,1,2.0,139.1
1599,656,28,3.0,156.32
2969,1218,1,1.0,139.1
2811,1150,8,2.0,151.06
2394,986,8,1.0,151.06
2238,922,38,2.0,15.86
377,154,43,2.0,123.55
1737,715,38,3.0,15.86
352,146,30,2.0,162.31
1571,645,38,3.0,15.86
1354,554,21,1.0,358.32
1230,504,10,3.0,341.69
1654,680,42,3.0,192.54
310,131,23,2.0,63.17
1266,516,42,2.0,192.54
779,320,2,2.0,177.95
2880,1179,31,2.0,123.61
901,374,34,3.0,207.42
193,86,28,2.0,156.32
2339,965,34,3.0,207.42
2168,897,36,1.0,34.97
448,182,24,1.0,208.86
1683,691,12,1.0,209.11
3040,1242,7,1.0,137.16
2379,980,22,2.0,258.01
861,354,44,3.0,96.95
2591,1063,8,3.0,151.06
2025,844,24,3.0,208.86
2951,1207,14,3.0,262.99
1616,663,4,3.0,71.42
1899,789,32,3.0,51.46
1079,440,42,1.0,192.54
75,35,10,3.0,341.69
692,282,7,1.0,137.16
1914,796,38,2.0,15.86
2193,909,34,3.0,207.42
2341,965,5,2.0,159.77
335,140,30,2.0,162.31
2413,992,16,2.0,332.14
2035,848,44,3.0,96.95
2891,1185,24,1.0,208.86
295,126,3,1.0,364.95
597,239,21,3.0,358.32
2176,902,10,1.0,341.69
1103,450,39,2.0,93.15
698,286,26,3.0,214.51
2720,1115,2,2.0,177.95
2332,961,6,1.0,193.67
1651,678,2,3.0,177.95
2896,1188,43,1.0,123.55
1938,806,11,2.0,47.08
840,347,23,2.0,63.17
2642,1085,44,3.0,96.95
672,273,30,2.0,162.31
1370,561,26,3.0,214.51
1680,690,41,3.0,286.89
1399,575,21,1.0,358.32
1404,577,2,2.0,177.95
2086,866,14,3.0,262.99
1383,568,4,1.0,71.42
1425,586,37,3.0,244.04
1368,560,31,3.0,123.61
85,40,20,3.0,362.1
1906,792,44,3.0,96.95
2778,1138,43,1.0,123.55
438,179,2,2.0,177.95
2300,949,26,3.0,214.51
1291,526,11,1.0,47.08
1214,498,10,2.0,341.69
3086,1259,31,3.0,123.61
406,165,34,2.0,207.42
1227,503,44,3.0,96.95
1684,691,36,2.0,34.97
196,87,6,1.0,193.67
2542,1042,29,1.0,47.88
476,194,24,2.0,208.86
2676,1097,26,1.0,214.51
337,141,1,2.0,139.1
2064,857,21,2.0,358.32
1672,686,10,1.0,341.69
1903,791,20,3.0,362.1
1361,558,35,2.0,60.59
2677,1097,16,2.0,332.14
1260,513,1,1.0,139.1
109,50,37,2.0,244.04
91,43,5,2.0,159.77
596,239,18,3.0,157.79
1151,472,40,3.0,324.1
3023,1236,38,3.0,15.86
2372,978,37,2.0,244.04
2773,1136,33,2.0,259.13
2065,857,28,3.0,156.32
2150,891,23,1.0,63.17
696,284,11,3.0,47.08
3008,1231,43,1.0,123.55
1013,416,5,1.0,159.77
316,133,14,3.0,262.99
2409,991,31,3.0,123.61
834,343,19,1.0,29.34
394,161,10,1.0,341.69
1730,712,43,1.0,123.55
1122,459,9,3.0,59.25
1746,717,14,2.0,262.99
1950,811,43,3.0,123.55
1440,593,34,2.0,207.42
2842,1162,26,1.0,214.51
2262,933,34,1.0,207.42
1359,556,23,1.0,63.17
2589,1062,12,3.0,209.11
2245,925,29,1.0,47.88
2644,1087,44,2.0,96.95
2964,1216,29,2.0,47.88
2983,1223,29,3.0,47.88
208,90,11,3.0,47.08
62,30,38,3.0,15.86
1790,739,18,3.0,157.79
2655,1090,32,2.0,51.46
24,11,40,3.0,324.1
2871,1173,20,1.0,362.1
467,190,28,1.0,156.32
391,160,19,3.0,29.34
664,269,3,2.0,364.95
2211,915,23,2.0,63.17
1782,734,21,2.0,358.32
42,20,5,3.0,159.77
980,403,42,3.0,192.54
2910,1192,15,3.0,87.26
1493,614,12,2.0,209.11
841,347,30,2.0,162.31
1584,651,24,1.0,208.86
1933,804,32,1.0,51.46
2938,1202,15,2.0,87.26
869,356,40,3.0,324.1
266,116,32,3.0,51.46
286,123,20,2.0,362.1
669,272,8,1.0,151.06
2866,1171,15,3.0,87.26
1175,482,35,3.0,60.59
2461,1008,13,1.0,205.59
2292,944,35,2.0,60.59
787,323,18,1.0,157.79
265,115,6,1.0,193.67
2309,951,1,1.0,139.1
1600,656,40,2.0,324.1
775,319,4,1.0,71.42
2600,1068,25,3.0,110.49
948,390,26,3.0,214.51
2818,1153,20,3.0,362.1
3070,1253,12,2.0,209.11
556,223,39,2.0,93.15
2235,921,10,2.0,341.69
1834,760,27,1.0,63.64
1716,705,32,1.0,51.46
1804,744,10,2.0,341.69
1270,518,27,1.0,63.64
1778,731,24,2.0,208.86
1093,446,15,1.0,87.26
473,192,38,2.0,15.86
3096,1263,19,2.0,29.34
2253,927,37,3.0,244.04
1136,466,1,3.0,139.1
1180,483,38,1.0,15.86
2146,889,34,2.0,207.42
1537,632,35,3.0,60.59
1187,486,36,2.0,34.97
469,191,2,2.0,177.95
282,122,11,3.0,47.08
2719,1114,42,1.0,192.54
1797,742,27,3.0,63.64
2673,1096,8,3.0,151.06
2493,1020,3,3.0,364.95
2810,1150,20,2.0,362.1
628,253,43,3.0,123.55
3098,1264,12,3.0,209.11
1289,525,13,3.0,205.59
2280,941,10,3.0,341.69
2827,1155,41,1.0,286.89
1033,422,35,3.0,60.59
2197,910,23,2.0,63.17
1699,697,40,3.0,324.1
211,92,37,1.0,244.04
2247,925,10,3.0,341.69
2920,1196,8,3.0,151.06
962,396,13,1.0,205.59
362,150,33,1.0,259.13
2398,987,16,1.0,332.14
240,105,9,3.0,59.25
1810,747,12,3.0,209.11
1806,745,19,1.0,29.34
2105,874,6,1.0,193.67
1530,629,7,3.0,137.16
2787,1142,33,1.0,259.13
2362,973,3,3.0,364.95
1652,679,8,1.0,151.06
2073,859,29,2.0,47.88
1048,428,43,3.0,123.55
1400,575,32,1.0,51.46
1929,803,21,1.0,358.32
1545,637,43,1.0,123.55
1596,655,43,1.0,123.55
383,156,15,1.0,87.26
1614,662,23,1.0,63.17
81,38,28,2.0,156.32
2143,888,32,3.0,51.46
681,276,1,3.0,139.1
1314,535,41,3.0,286.89
434,176,5,3.0,159.77
1478,608,43,3.0,123.55
2965,1216,9,2.0,59.25
1488,613,39,3.0,93.15
2412,991,26,1.0,214.51
2305,950,39,1.0,93.15
129,56,19,2.0,29.34
3082,1258,11,1.0,47.08
838,346,15,2.0,87.26
1802,743,37,2.0,244.04
970,399,38,1.0,15.86
458,186,3,3.0,364.95
285,123,37,2.0,244.04
1909,792,1,1.0,139.1
1842,763,3,2.0,364.95
870,357,27,1.0,63.64
1975,824,27,2.0,63.64
1582,650,38,1.0,15.86
2526,1036,25,3.0,110.49
1392,571,43,3.0,123.55
1378,565,23,3.0,63.17
908,376,7,2.0,137.16
35,17,39,1.0,93.15
1101,450,32,3.0,51.46
1538,632,23,2.0,63.17
41,20,8,2.0,151.06
1332,545,36,3.0,34.97
1132,463,45,2.0,255.49
378,154,35,1.0,60.59
1628,668,10,2.0,341.69
812,333,40,3.0,324.1
1705,700,5,2.0,159.77
1003,412,44,1.0,96.95
2049,852,39,3.0,93.15
2602,1069,22,2.0,258.01
2561,1050,10,1.0,341.69
1318,537,19,2.0,29.34
2036,848,32,1.0,51.46
3092,1262,6,1.0,193.67
2264,933,25,1.0,110.49
581,234,9,2.0,59.25
1188,487,44,2.0,96.95
1145,470,20,3.0,362.1
1970,821,43,2.0,123.55
2892,1186,28,2.0,156.32
72,34,45,2.0,255.49
1666,683,32,1.0,51.46
900,373,19,1.0,29.34
2851,1164,3,1.0,364.95
1967,819,13,3.0,205.59
2324,958,36,2.0,34.97
3022,1236,41,1.0,286.89
894,369,39,1.0,93.15
963,396,22,3.0,258.01
1847,766,42,2.0,192.54
2626,1079,14,3.0,262.99
1913,795,26,1.0,214.51
2917,1195,30,2.0,162.31
221,97,44,2.0,96.95
176,79,34,3.0,207.42
2485,1018,24,1.0,208.86
572,230,29,1.0,47.88
881,361,25,1.0,110.49
2408,990,30,3.0,162.31
640,258,28,3.0,156.32
146,64,11,3.0,47.08
388,159,3,2.0,364.95
2089,868,12,1.0,209.11
712,291,25,2.0,110.49
1830,759,14,3.0,262.99
2981,1222,9,3.0,59.25
479,195,6,2.0,193.67
2805,1149,45,1.0,255.49
294,126,16,1.0,332.14
2476,1014,3,2.0,364.95
1166,478,18,2.0,157.79
1299,531,41,3.0,286.89
2191,908,26,3.0,214.51
1208,496,27,2.0,63.64
1764,725,6,3.0,193.67
1210,497,37,1.0,244.04
3031,1239,23,2.0,63.17
1555,640,2,2.0,177.95
1218,499,17,1.0,320.93
2976,1221,42,3.0,192.54
1678,689,37,3.0,244.04
1615,662,19,1.0,29.34
690,281,26,2.0,214.51
1415,582,20,3.0,362.1
1549,638,20,2.0,362.1
2377,979,1,1.0,139.1
802,329,34,3.0,207.42
1021,418,8,1.0,151.06
644,259,33,1.0,259.13
833,342,38,2.0,15.86
1854,768,17,1.0,320.93
2838,1160,3,3.0,364.95
1380,566,40,3.0,324.1
2477,1014,6,2.0,193.67
1085,443,9,3.0,59.25
205,89,28,1.0,156.32
960,396,14,1.0,262.99
1333,545,27,1.0,63.64
1444,595,11,1.0,47.08
2273,938,18,3.0,157.79
2329,959,44,2.0,96.95
39,19,21,1.0,358.32
656,266,28,1.0,156.32
303,129,23,3.0,63.17
2497,1021,36,2.0,34.97
239,104,34,1.0,207.42
50,25,41,3.0,286.89
1543,636,39,3.0,93.15
2627,1080,21,2.0,358.32
1162,476,43,1.0,123.55
400,164,25,2.0,110.49
780,320,14,1.0,262.99
2343,967,9,1.0,59.25
13,6,24,2.0,208.86
940,388,21,1.0,358.32
814,334,16,2.0,332.14
182,82,3,3.0,364.95
2721,1115,39,1.0,93.15
2363,974,38,1.0,15.86
2196,910,45,1.0,255.49
2026,844,12,1.0,209.11
1807,746,16,1.0,332.14
1177,482,17,2.0,320.93
540,216,41,3.0,286.89
2387,983,16,1.0,332.14
319,133,18,1.0,157.79
2986,1224,10,1.0,341.69
1433,590,14,1.0,262.99
3052,1247,24,3.0,208.86
2221,918,38,2.0,15.86
2564,1051,27,2.0,63.64
887,364,20,2.0,362.1
2112,876,30,2.0,162.31
1710,702,22,1.0,258.01
89,42,9,3.0,59.25
785,322,24,1.0,208.86
2946,1204,42,1.0,192.54
1430,588,25,2.0,110.49
1396,574,2,2.0,177.95
1669,685,5,1.0,159.77
2652,1089,25,3.0,110.49
1517,624,27,1.0,63.64
2926,1198,10,1.0,341.69
320,134,16,3.0,332.14
1141,468,35,2.0,60.59
333,140,9,1.0,59.25
777,320,13,1.0,205.59
638,257,3,2.0,364.95
531,213,31,2.0,123.61
347,144,16,1.0,332.14
1981,826,28,1.0,156.32
2386,983,36,1.0,34.97
1012,416,34,3.0,207.42
2439,1001,15,2.0,87.26
407,166,24,1.0,208.86
40,20,34,2.0,207.42
419,170,42,2.0,192.54
341,142,6,1.0,193.67
1827,758,25,2.0,110.49
2733,1120,21,1.0,358.32
1702,697,45,1.0,255.49
390,160,33,1.0,259.13
2215,916,7,1.0,137.16
2687,1101,31,3.0,123.61
65,31,28,2.0,156.32
1695,696,44,1.0,96.95
2430,997,8,1.0,151.06
1455,599,29,3.0,47.88
569,228,37,1.0,244.04
1700,697,3,1.0,364.95
811,333,10,3.0,341.69
832,342,31,3.0,123.61
2867,1172,6,1.0,193.67
440,179,35,1.0,60.59
825,339,12,1.0,209.11
723,295,37,2.0,244.04
587,236,18,2.0,157.79
2107,874,20,2.0,362.1
1946,809,4,1.0,71.42
518,207,45,1.0,255.49
2586,1061,5,3.0,159.77
136,59,45,1.0,255.49
685,278,15,3.0,87.26
3074,1254,18,3.0,157.79
2820,1153,7,3.0,137.16
2852,1165,4,1.0,71.42
2958,1211,9,1.0,59.25
1313,535,1,2.0,139.1
2258,931,16,1.0,332.14
1590,653,35,2.0,60.59
1968,820,2,3.0,177.95
1894,787,12,1.0,209.11
1182,484,45,2.0,255.49
48,24,21,3.0,358.32
1947,810,45,1.0,255.49
2393,986,5,1.0,159.77
90,42,25,3.0,110.49
410,166,13,3.0,205.59
2090,868,16,1.0,332.14
1955,813,32,2.0,51.46
1302,532,29,3.0,47.88
2316,954,18,3.0,157.79
141,61,24,1.0,208.86
2806,1149,41,2.0,286.89
1144,469,36,2.0,34.97
594,238,45,2.0,255.49
1731,712,3,3.0,364.95
2674,1097,10,1.0,341.69
988,407,44,1.0,96.95
2653,1089,4,1.0,71.42
2323,958,44,1.0,96.95
1595,655,32,2.0,51.46
1576,648,43,2.0,123.55
486,198,11,2.0,47.08
1323,540,32,3.0,51.46
2624,1078,36,1.0,34.97
186,83,41,3.0,286.89
2752,1128,26,1.0,214.51
110,50,42,3.0,192.54
121,53,36,3.0,34.97
478,194,6,2.0,193.67
2319,956,38,1.0,15.86
1697,696,10,1.0,341.69
1467,603,35,1.0,60.59
742,305,38,2.0,15.86
161,72,24,1.0,208.86
300,128,36,3.0,34.97
1717,706,27,3.0,63.64
816,335,20,3.0,362.1
2625,1079,16,1.0,332.14
15,6,44,3.0,96.95
1311,534,11,1.0,47.08
1476,607,4,1.0,71.42
1463,602,41,1.0,286.89
1328,542,27,1.0,63.64
2051,852,5,1.0,159.77
79,38,29,2.0,47.88
33,16,36,3.0,34.97
2313,953,3,3.0,364.95
2454,1006,5,2.0,159.77
1174,481,33,1.0,259.13
1376,564,8,3.0,151.06
299,127,14,2.0,262.99
1031,422,7,3.0,137.16
1502,617,33,1.0,259.13
168,75,19,1.0,29.34
2492,1020,13,1.0,205.59
2010,838,18,1.0,157.79
233,101,9,2.0,59.25
1831,760,19,1.0,29.34
1952,812,2,2.0,177.95
2134,884,6,2.0,193.67
1452,598,17,3.0,320.93
1863,772,44,2.0,96.95
2188,907,28,2.0,156.32
462,188,20,1.0,362.1
2764,1133,41,2.0,286.89
2336,964,38,1.0,15.86
2829,1156,7,3.0,137.16
1422,585,13,1.0,205.59
1917,797,10,1.0,341.69
444,180,45,1.0,255.49
104,48,42,1.0,192.54
78,37,4,1.0,71.42
1236,506,26,2.0,214.51
1015,417,23,2.0,63.17
2754,1129,35,3.0,60.59
112,51,29,3.0,47.88
416,169,26,3.0,214.51
2450,1005,37,1.0,244.04
367,151,2,3.0,177.95
954,393,8,1.0,151.06
108,50,44,3.0,96.95
1927,801,43,2.0,123.55
1939,806,33,2.0,259.13
1189,487,13,3.0,205.59
2862,1169,45,2.0,255.49
2854,1165,16,1.0,332.14
1056,431,20,1.0,362.1
426,173,10,1.0,341.69
958,394,3,1.0,364.95
1568,644,22,1.0,258.01
2779,1139,23,3.0,63.17
2052,852,7,2.0,137.16
2162,894,13,1.0,205.59
1215,498,31,2.0,123.61
1306,533,19,1.0,29.34
502,202,26,3.0,214.51
2359,973,12,1.0,209.11
19,9,7,1.0,137.16
1245,509,20,2.0,362.1
563,226,44,1.0,96.95
209,91,9,1.0,59.25
1284,524,13,2.0,205.59
428,173,22,3.0,258.01
1304,532,2,2.0,177.95
1990,830,32,3.0,51.46
807,332,27,3.0,63.64
1624,667,12,1.0,209.11
800,327,13,2.0,205.59
2278,940,20,2.0,362.1
1974,823,44,2.0,96.95
1640,672,25,3.0,110.49
2018,841,26,3.0,214.51
290,125,4,2.0,71.42
2121,879,14,3.0,262.99
2571,1054,16,1.0,332.14
2723,1115,5,1.0,159.77
2607,1070,25,2.0,110.49
223,98,11,1.0,47.08
1301,531,23,,63.17
939,388,32,2.0,51.46
1434,590,5,2.0,159.77
2834,1158,24,3.0,208.86
3000,1228,37,3.0,244.04
1216,499,32,3.0,51.46
2689,1102,21,3.0,358.32
1531,630,21,1.0,358.32
2796,1145,17,3.0,320.93
2979,1222,40,2.0,324.1
1535,631,18,1.0,157.79
2378,980,31,3.0,123.61
1078,440,12,2.0,209.11
2833,1157,3,3.0,364.95
2225,919,11,2.0,47.08
2941,1203,40,1.0,324.1
2326,959,27,3.0,63.64
1084,442,36,2.0,34.97
1665,683,42,1.0,192.54
2772,1136,34,1.0,207.42
2995,1227,14,2.0,262.99
2668,1093,10,1.0,341.69
2499,1022,2,1.0,177.95
83,40,34,1.0,207.42
1042,425,35,1.0,60.59
1639,672,29,3.0,47.88
2220,917,28,2.0,156.32
2528,1036,41,3.0,286.89
2940,1202,11,3.0,47.08
1019,418,42,2.0,192.54
2584,1060,26,1.0,214.51
1028,420,19,3.0,29.34
654,265,24,3.0,208.86
879,361,28,1.0,156.32
1620,665,18,2.0,157.79
61,29,6,2.0,193.67
2637,1084,21,3.0,358.32
111,50,41,2.0,286.89
2389,984,44,1.0,96.95
2735,1121,31,1.0,123.61
2138,887,4,3.0,71.42
491,199,31,1.0,123.61
2139,887,22,3.0,258.01
354,147,16,3.0,332.14
862,354,22,1.0,258.01
499,201,42,2.0,192.54
1296,529,38,3.0,15.86
2905,1190,23,2.0,63.17
2119,878,20,2.0,362.1
1915,796,18,2.0,157.79
1577,648,10,3.0,341.69
1472,604,39,2.0,93.15
3065,1251,11,1.0,47.08
1798,742,38,3.0,15.86
1277,520,19,1.0,29.34
1116,457,11,1.0,47.08
2881,1180,4,3.0,71.42
2222,918,36,3.0,34.97
2212,915,20,3.0,362.1
1761,724,28,3.0,156.32
203,89,23,3.0,63.17
374,153,27,2.0,63.64
1675,687,37,3.0,244.04
549,220,40,1.0,324.1
328,138,12,2.0,209.11
142,61,20,2.0,362.1
2183,904,41,1.0,286.89
2471,1012,13,3.0,205.59
730,299,16,2.0,332.14
3010,1232,13,2.0,205.59
1022,419,8,3.0,151.06
529,212,10,2.0,341.69
1153,473,10,2.0,341.69
1196,491,18,3.0,157.79
1733,713,22,1.0,258.01
1130,463,24,2.0,208.86
2713,1112,26,1.0,214.51
718,293,31,2.0,123.61
1471,604,6,3.0,193.67
1347,551,45,2.0,255.49
957,394,7,2.0,137.16
1820,752,9,3.0,59.25
583,235,10,2.0,341.69
979,402,14,3.0,262.99
2813,1151,12,1.0,209.11
2942,1203,4,3.0,71.42
1065,436,19,3.0,29.34
1107,452,27,3.0,63.64
1755,721,27,2.0,63.64
2098,871,31,2.0,123.61
930,384,44,3.0,96.95
1519,625,8,1.0,151.06
617,248,9,3.0,59.25
2737,1121,9,3.0,59.25
1076,440,36,3.0,34.97
58,28,7,3.0,137.16
122,53,3,1.0,364.95
2175,902,7,2.0,137.16
235,102,36,1.0,34.97
472,192,44,3.0,96.95
1859,770,34,3.0,207.42
2628,1080,25,1.0,110.49
2950,1206,16,2.0,332.14
3091,1261,24,1.0,208.86
2465,1010,27,1.0,63.64
2566,1051,25,3.0,110.49
2844,1162,18,1.0,157.79
1610,661,40,3.0,324.1
1485,611,27,1.0,63.64
1355,555,39,3.0,93.15
1601,657,12,3.0,209.11
2549,1045,16,2.0,332.14
2746,1125,41,1.0,286.89
706,289,2,2.0,177.95
984,405,35,3.0,60.59
194,86,26,2.0,214.51
2947,1204,26,2.0,214.51
231,101,37,3.0,244.04
1275,519,32,1.0,51.46
1598,656,39,2.0,93.15
1926,801,19,2.0,29.34
3079,1257,27,1.0,63.64
820,336,21,2.0,358.32
526,210,24,2.0,208.86
2893,1186,34,3.0,207.42
27,11,3,2.0,364.95
120,53,38,3.0,15.86
1087,443,33,2.0,259.13
413,168,1,3.0,139.1
107,49,12,3.0,209.11
2998,1227,8,3.0,151.06
477,194,7,2.0,137.16
935,386,42,3.0,192.54
1094,446,3,3.0,364.95
2740,1122,41,1.0,286.89
2046,851,1,3.0,139.1
1954,812,25,3.0,110.49
2381,981,5,3.0,159.77
716,293,27,1.0,63.64
2320,957,37,3.0,244.04
1586,652,16,2.0,332.14
1029,420,42,1.0,192.54
2992,1226,6,1.0,193.67
247,108,14,3.0,262.99
2250,926,35,3.0,60.59
123,53,29,2.0,47.88
1047,428,26,1.0,214.51
2231,920,11,3.0,47.08
37,18,43,1.0,123.55
408,166,6,2.0,193.67
795,326,8,1.0,151.06
2158,893,42,3.0,192.54
147,64,12,3.0,209.11
470,191,41,1.0,286.89
1825,756,33,2.0,259.13
3036,1240,28,2.0,156.32
2670,1094,7,2.0,137.16
2449,1004,15,2.0,87.26
953,393,29,3.0,47.88
1080,441,5,1.0,159.77
66,31,4,2.0,71.42
622,252,23,1.0,63.17
3067,1252,40,3.0,324.1
2062,856,21,2.0,358.32
959,395,17,3.0,320.93
1971,821,30,3.0,162.31
2712,1111,40,3.0,324.1
30,14,43,1.0,123.55
2533,1039,25,3.0,110.49
1696,696,35,1.0,60.59
503,202,19,2.0,29.34
312,132,26,1.0,214.51
2237,922,10,2.0,341.69
2559,1049,36,1.0,34.97
1550,638,44,2.0,96.95
2831,1157,35,1.0,60.59
639,257,4,3.0,71.42
1228,503,33,2.0,259.13
2945,1204,21,1.0,358.32
3056,1248,26,2.0,214.51
1627,668,6,1.0,193.67
658,266,34,3.0,207.42
854,352,3,2.0,364.95
2429,997,7,2.0,137.16
130,57,22,1.0,258.01
647,260,41,3.0,286.89
140,61,2,1.0,177.95
1564,643,36,2.0,34.97
2380,981,1,1.0,139.1
532,214,5,3.0,159.77
34,17,10,2.0,341.69
896,371,36,2.0,34.97
2580,1058,20,2.0,362.1
1128,462,39,1.0,93.15
584,236,10,3.0,341.69
160,71,26,3.0,214.51
1099,449,34,2.0,207.42
1580,649,44,3.0,96.95
132,58,43,2.0,123.55
1852,767,17,3.0,320.93
551,221,20,3.0,362.1
856,352,37,3.0,244.04
1668,684,42,2.0,192.54
1657,681,18,2.0,157.79
1393,572,4,1.0,71.42
1106,451,12,3.0,209.11
986,405,28,1.0,156.32
855,352,38,3.0,15.86
2505,1026,4,2.0,71.42
2803,1148,13,3.0,205.59
809,332,25,3.0,110.49
44,21,40,3.0,324.1
1058,432,42,1.0,192.54
1322,540,43,3.0,123.55
1868,774,7,1.0,137.16
1813,748,29,1.0,47.88
2606,1070,26,1.0,214.51
1329,542,24,3.0,208.86
2968,1217,40,1.0,324.1
2266,934,17,1.0,320.93
1161,476,13,1.0,205.59
1387,570,14,3.0,262.99
2271,937,13,1.0,205.59
1192,489,6,3.0,193.67
2356,971,1,3.0,139.1
657,266,18,2.0,157.79
2927,1198,6,1.0,193.67
2726,1117,15,1.0,87.26
392,161,16,3.0,332.14
237,103,34,1.0,207.42
1184,486,44,1.0,96.95
1461,601,12,1.0,209.11
944,389,29,2.0,47.88
447,182,6,3.0,193.67
1839,762,30,3.0,162.31
1609,660,6,1.0,193.67
9,5,6,2.0,193.67
2792,1144,31,2.0,123.61
2442,1001,36,2.0,34.97
568,227,15,1.0,87.26
1687,692,45,3.0,255.49
1995,831,14,1.0,262.99
2125,881,45,3.0,255.49
1871,776,31,2.0,123.61
884,362,44,3.0,96.95
1034,422,45,1.0,255.49
2506,1027,6,2.0,193.67
1209,496,45,2.0,255.49
2431,998,44,2.0,96.95
484,197,27,3.0,63.64
1592,654,27,1.0,63.64
1307,533,35,3.0,60.59
1957,813,43,3.0,123.55
1062,434,19,3.0,29.34
222,98,20,3.0,362.1
46,22,4,2.0,71.42
215,94,18,1.0,157.79
667,271,21,2.0,358.32
1443,594,29,2.0,47.88
2257,931,14,2.0,262.99
2749,1127,28,1.0,156.32
1112,454,41,1.0,286.89
2540,1041,35,1.0,60.59
661,267,24,1.0,208.86
1781,733,8,2.0,151.06
1429,587,31,3.0,123.61
2350,969,27,3.0,63.64
1744,717,28,2.0,156.32
1617,663,41,1.0,286.89
2944,1203,26,3.0,214.51
466,189,25,3.0,110.49
1883,783,12,2.0,209.11
2469,1011,14,2.0,262.99
1073,438,16,3.0,332.14
806,331,7,3.0,137.16
1756,722,18,1.0,157.79
1131,463,3,1.0,364.95
1233,505,11,2.0,47.08
2173,900,36,1.0,34.97
2970,1219,7,2.0,137.16
1360,557,41,3.0,286.89
2636,1084,9,3.0,59.25
642,258,26,3.0,214.51
1288,525,3,1.0,364.95
2776,1138,7,2.0,137.16
3027,1237,23,1.0,63.17
2457,1007,6,3.0,193.67
117,52,4,3.0,71.42
430,174,32,2.0,51.46
574,231,38,2.0,15.86
1779,732,36,3.0,34.97
1835,761,5,1.0,159.77
456,185,34,1.0,207.42
591,237,24,3.0,208.86
1984,827,3,2.0,364.95
2560,1049,39,2.0,93.15
397,163,23,3.0,63.17
560,224,19,1.0,29.34
443,180,33,2.0,259.13
3018,1235,10,3.0,341.69
749,307,9,3.0,59.25
2145,889,4,1.0,71.42
398,163,42,2.0,192.54
94,44,41,2.0,286.89
2955,1210,23,2.0,63.17
1344,549,3,2.0,364.95
956,394,45,1.0,255.49
1522,626,10,3.0,341.69
2487,1019,11,-1.0,47.08
125,54,29,2.0,47.88
1059,433,13,3.0,205.59
1253,511,36,3.0,34.97
1375,563,5,2.0,159.77
1978,825,16,1.0,332.14
2714,1112,30,2.0,162.31
449,182,26,3.0,214.51
1134,464,28,1.0,156.32
1377,565,21,3.0,358.32
1055,430,3,3.0,364.95
2700,1106,6,1.0,193.67
2012,839,7,2.0,137.16
1298,530,6,1.0,193.67
1176,482,37,2.0,244.04
1972,822,34,1.0,207.42
2510,1030,36,3.0,34.97
717,293,36,2.0,34.97
480,195,12,2.0,209.11
1409,579,22,1.0,258.01
2747,1126,11,3.0,47.08
998,411,41,3.0,286.89
1358,556,22,1.0,258.01
2928,1198,16,3.0,332.14
1453,598,21,1.0,358.32
1625,667,17,2.0,320.93
575,231,45,3.0,255.49
1336,546,28,3.0,156.32
414,168,14,1.0,262.99
1833,760,28,3.0,156.32
2966,1216,22,3.0,258.01
2464,1010,21,2.0,358.32
895,370,45,1.0,255.49
3025,1236,3,2.0,364.95
2276,939,2,3.0,177.95
2093,869,10,2.0,341.69
1105,451,10,2.0,341.69
1969,820,41,3.0,286.89
389,159,26,1.0,214.51
863,355,27,2.0,63.64
2346,968,28,-1.0,156.32
2338,964,22,2.0,258.01
1011,415,36,3.0,34.97
1115,457,31,3.0,123.61
2583,1060,14,2.0,262.99
2348,969,7,3.0,137.16
1844,764,1,2.0,139.1
363,150,29,3.0,47.88
2032,847,6,1.0,193.67
17,7,5,2.0,159.77
2239,922,27,1.0,63.64
1855,769,11,2.0,47.08
1945,809,27,1.0,63.64
1480,609,3,2.0,364.95
2883,1181,7,3.0,137.16
2433,999,35,1.0,60.59
417,169,16,2.0,332.14
1648,675,22,3.0,258.01
381,156,35,2.0,60.59
615,247,7,1.0,137.16
1762,725,32,1.0,51.46
2021,843,21,2.0,358.32
2017,841,1,1.0,139.1
1878,781,7,3.0,137.16
1389,571,40,1.0,324.1
1197,492,4,2.0,71.42
2557,1048,12,2.0,209.11
2716,1113,41,2.0,286.89
760,310,16,2.0,332.14
1243,508,31,2.0,123.61
325,137,13,3.0,205.59
1,1,29,2.0,47.88
2420,994,3,3.0,364.95
2544,1043,14,1.0,262.99
1739,715,27,2.0,63.64
2352,970,40,3.0,324.1
2113,876,43,2.0,123.55
1030,421,41,1.0,286.89
2536,1040,18,3.0,157.79
1604,658,35,1.0,60.59
2013,839,11,3.0,47.08
2208,914,37,2.0,244.04
2877,1177,6,1.0,193.67
1090,445,31,1.0,123.61
1948,811,3,2.0,364.95
803,329,30,3.0,162.31
2937,1201,26,3.0,214.51
873,358,12,2.0,209.11
2731,1119,23,3.0,63.17
2285,942,1,3.0,139.1
1877,780,2,2.0,177.95
376,154,44,3.0,96.95
3053,1247,34,3.0,207.42
1565,643,11,2.0,47.08
1060,433,8,3.0,151.06
1862,772,18,3.0,157.79
2039,849,25,1.0,110.49
2376,979,15,3.0,87.26
284,122,40,3.0,324.1
631,254,4,1.0,71.42
3072,1254,43,1.0,123.55
866,356,4,1.0,71.42
2428,997,15,1.0,87.26
2789,1142,9,1.0,59.25
2690,1103,36,1.0,34.97
1765,725,36,2.0,34.97
1097,448,38,1.0,15.86
1692,694,35,3.0,60.59
2869,1172,12,1.0,209.11
2152,892,23,1.0,63.17
148,65,27,2.0,63.64
1462,602,19,1.0,29.34
2705,1108,32,2.0,51.46
632,254,16,1.0,332.14
351,145,41,3.0,286.89
2681,1099,41,1.0,286.89
1321,539,13,2.0,205.59
2572,1054,31,2.0,123.61
566,227,3,3.0,364.95
483,197,19,3.0,29.34
2641,1085,24,3.0,208.86
2455,1007,41,1.0,286.89
1448,596,33,1.0,259.13
2202,911,33,3.0,259.13
128,56,24,2.0,208.86
579,233,35,3.0,60.59
2524,1035,41,3.0,286.89
2071,859,32,3.0,51.46
544,218,5,1.0,159.77
2432,998,22,2.0,258.01
2224,918,26,3.0,214.51
2682,1099,42,1.0,192.54
356,148,5,1.0,159.77
2127,881,43,2.0,123.55
2884,1182,10,1.0,341.69
1075,439,22,2.0,258.01
364,150,4,2.0,71.42
1757,722,1,2.0,139.1
797,327,6,3.0,193.67
2200,911,14,3.0,262.99
2701,1107,28,1.0,156.32
1366,559,33,2.0,259.13
2570,1053,32,2.0,51.46
1520,625,24,1.0,208.86
2011,839,28,3.0,156.32
54,26,39,3.0,93.15
2214,916,16,3.0,332.14
746,306,12,3.0,209.11
1646,674,26,3.0,214.51
2279,940,37,2.0,244.04
1241,508,7,1.0,137.16
63,31,23,2.0,63.17
1341,547,24,3.0,208.86
1190,488,15,1.0,87.26
457,186,18,2.0,157.79
2830,1157,13,1.0,205.59
1749,718,22,3.0,258.01
2962,1215,11,3.0,47.08
7,3,31,3.0,123.61
2396,986,9,2.0,59.25
1282,522,30,2.0,162.31
634,256,24,2.0,208.86
1150,472,36,3.0,34.97
3075,1255,8,2.0,151.06
2299,948,1,3.0,139.1
2799,1147,38,3.0,15.86
2782,1140,26,2.0,214.51
1776,729,6,2.0,193.67
2667,1093,19,3.0,29.34
695,283,35,2.0,60.59
613,246,22,1.0,258.01
2750,1127,44,2.0,96.95
2959,1212,33,1.0,259.13
465,189,22,3.0,258.01
2861,1168,35,3.0,60.59
2311,952,40,2.0,324.1
2791,1143,44,2.0,96.95
2704,1108,37,3.0,244.04
819,336,29,3.0,47.88
1178,483,30,1.0,162.31
1466,603,32,2.0,51.46
1477,608,40,3.0,324.1
1436,591,28,3.0,156.32
1504,618,37,1.0,244.04
773,318,19,1.0,29.34
729,298,15,3.0,87.26
1800,743,30,2.0,162.31
2423,995,24,2.0,208.86
1631,669,11,2.0,47.08
2041,850,12,2.0,209.11
2459,1008,2,2.0,177.95
2795,1144,6,1.0,193.67
1124,459,2,3.0,177.95
1727,710,30,3.0,162.31
298,127,45,3.0,255.49
2741,1122,24,3.0,208.86
321,134,4,3.0,71.42
1272,518,5,2.0,159.77
197,87,28,3.0,156.32
2954,1209,37,2.0,244.04
2592,1064,17,2.0,320.93
1269,517,40,3.0,324.1
520,208,42,3.0,192.54
813,334,45,3.0,255.49
1884,783,43,1.0,123.55
1660,681,43,1.0,123.55
882,361,1,3.0,139.1
1353,554,5,2.0,159.77
2650,1088,8,3.0,151.06
1474,605,12,1.0,209.11
1873,777,39,2.0,93.15
1848,766,16,2.0,332.14
1715,705,2,1.0,177.95
618,249,40,3.0,324.1
1556,640,5,2.0,159.77
827,340,30,2.0,162.31
2463,1009,30,1.0,162.31
2272,938,8,2.0,151.06
1416,582,45,3.0,255.49
2003,835,36,3.0,34.97
1345,550,20,2.0,362.1
254,111,39,2.0,93.15
1495,614,15,1.0,87.26
2275,938,21,1.0,358.32
824,338,20,3.0,362.1
1853,767,41,1.0,286.89
2184,905,28,2.0,156.32
3058,1249,41,3.0,286.89
2817,1152,39,1.0,93.15
1035,423,22,1.0,258.01
1081,442,38,2.0,15.86
1594,654,19,1.0,29.34
850,351,43,3.0,123.55
792,324,4,3.0,71.42
713,292,29,3.0,47.88
546,219,21,2.0,358.32
1849,766,2,1.0,177.95
1510,620,34,2.0,207.42
719,293,4,1.0,71.42
3055,1248,36,3.0,34.97
1111,454,9,3.0,59.25
2395,986,10,3.0,341.69
968,399,12,3.0,209.11
2912,1192,6,3.0,193.67
1159,476,29,3.0,47.88
1232,504,22,3.0,258.01
2232,920,36,2.0,34.97
2997,1227,31,1.0,123.61
1490,613,17,2.0,320.93
2895,1187,44,3.0,96.95
1959,814,41,3.0,286.89
1258,513,10,1.0,341.69
2405,989,43,3.0,123.55
1222,501,36,1.0,34.97
2005,835,20,2.0,362.1
2115,877,8,3.0,151.06
1442,594,19,2.0,29.34
1181,484,44,1.0,96.95
1667,684,40,1.0,324.1
405,165,27,1.0,63.64
741,304,10,3.0,341.69
2994,1226,26,2.0,214.51
2076,861,37,1.0,244.04
2521,1034,17,3.0,320.93
2079,862,27,1.0,63.64
857,352,13,1.0,205.59
2165,895,4,2.0,71.42
1247,509,16,1.0,332.14
2159,893,24,1.0,208.86
3061,1250,15,3.0,87.26
10,5,26,3.0,214.51
1619,664,19,2.0,29.34
2437,1000,42,3.0,192.54
1285,524,17,1.0,320.93
2555,1047,10,2.0,341.69
1741,716,7,3.0,137.16
1769,727,2,3.0,177.95
1869,774,14,1.0,262.99
2236,922,2,1.0,177.95
1171,480,15,2.0,87.26
135,59,42,2.0,192.54
2863,1170,29,2.0,47.88
964,397,29,2.0,47.88
1841,763,32,3.0,51.46
543,218,18,3.0,157.79
494,200,30,1.0,162.31
997,411,15,3.0,87.26
524,209,1,1.0,139.1
2446,1004,43,2.0,123.55
1420,584,2,2.0,177.95
2693,1103,32,,51.46
1273,519,45,1.0,255.49
3042,1242,40,2.0,324.1
786,322,12,2.0,209.11
2110,875,36,3.0,34.97
961,396,30,2.0,162.31
893,368,25,3.0,110.49
1343,548,36,2.0,34.97
1050,428,31,1.0,123.61
1119,458,11,2.0,47.08
1371,561,33,1.0,259.13
2597,1067,7,1.0,137.16
1698,696,38,3.0,15.86
2963,1215,33,3.0,259.13
1300,531,4,1.0,71.42
1533,631,43,1.0,123.55
1315,536,21,3.0,358.32
1870,775,27,2.0,63.64
1411,580,16,1.0,332.14
2218,917,6,2.0,193.67
345,143,29,2.0,47.88
2763,1133,1,3.0,139.1
2541,1042,12,1.0,209.11
1077,440,7,1.0,137.16
1025,419,35,3.0,60.59
633,255,24,2.0,208.86
2373,978,22,2.0,258.01
1211,497,44,1.0,96.95
1664,682,17,1.0,320.93
1257,512,20,1.0,362.1
1821,753,26,3.0,214.51
218,96,45,1.0,255.49
1788,737,24,1.0,208.86
412,167,43,1.0,123.55
195,86,29,1.0,47.88
1339,547,21,3.0,358.32
21,10,43,3.0,123.55
250,109,20,3.0,362.1
2328,959,8,2.0,151.06
1506,619,3,1.0,364.95
1158,475,34,1.0,207.42
287,123,31,3.0,123.61
1508,619,9,2.0,59.25
97,44,8,1.0,151.06
2666,1093,31,1.0,123.61
1259,513,20,3.0,362.1
2057,855,33,2.0,259.13
387,158,5,3.0,159.77
2088,867,36,3.0,34.97
1647,675,34,3.0,207.42
1752,720,19,1.0,29.34
1114,456,43,2.0,123.55
2823,1154,34,1.0,207.42
600,240,3,1.0,364.95
1082,442,14,3.0,262.99
2732,1119,45,2.0,255.49
1771,728,41,3.0,286.89
858,353,11,1.0,47.08
985,405,19,1.0,29.34
1528,629,30,3.0,162.31
765,312,7,3.0,137.16
1557,640,31,2.0,123.61
1867,774,11,3.0,47.08
1095,447,3,3.0,364.95
80,38,43,3.0,123.55
134,59,20,3.0,362.1
2660,1091,34,3.0,207.42
1491,613,34,1.0,207.42
1832,760,11,3.0,47.08
1066,437,29,2.0,47.88
2470,1012,38,3.0,15.86
890,365,9,2.0,59.25
2985,1223,44,1.0,96.95
2913,1193,16,2.0,332.14
530,213,34,2.0,207.42
1449,597,26,2.0,214.51
274,118,25,3.0,110.49
3090,1261,14,1.0,262.99
2579,1058,45,3.0,255.49
1498,616,36,1.0,34.97
181,81,16,3.0,332.14
1098,448,35,2.0,60.59
1408,579,10,3.0,341.69
133,58,39,1.0,93.15
2930,1199,34,2.0,207.42
2919,1195,36,1.0,34.97
3049,1246,20,1.0,362.1
937,388,11,1.0,47.08
506,203,26,3.0,214.51
281,121,31,2.0,123.61
1524,626,22,2.0,258.01
1459,600,25,1.0,110.49
1840,763,36,2.0,34.97
137,60,36,2.0,34.97
2729,1119,7,3.0,137.16
1229,504,41,2.0,286.89
113,51,41,1.0,286.89
155,67,33,1.0,259.13
2486,1019,29,3.0,47.88
331,139,3,3.0,364.95
370,152,45,1.0,255.49
1121,458,22,3.0,258.01
1745,717,10,1.0,341.69
1043,426,38,1.0,15.86
2259,931,38,3.0,15.86
674,274,24,2.0,208.86
2657,1091,23,3.0,63.17
70,32,36,3.0,34.97
1566,644,28,3.0,156.32
114,51,20,2.0,362.1
995,409,19,2.0,29.34
1167,479,34,3.0,207.42
2448,1004,22,3.0,258.01
648,261,4,1.0,71.42
1340,547,36,2.0,34.97
2922,1197,24,3.0,208.86
1223,501,17,2.0,320.93
593,238,43,3.0,123.55
747,306,36,2.0,34.97
1536,631,10,1.0,341.69
1723,707,40,1.0,324.1
1925,800,5,3.0,159.77
2050,852,17,1.0,320.93
431,174,42,2.0,192.54
1470,604,29,1.0,47.88
1748,718,13,1.0,205.59
1792,740,19,2.0,29.34
1578,649,13,2.0,205.59
2647,1087,39,3.0,93.15
1352,553,15,1.0,87.26
839,347,25,1.0,110.49
822,337,27,3.0,63.64
2848,1163,17,3.0,320.93
686,279,33,1.0,259.13
2535,1040,9,1.0,59.25
2099,871,18,1.0,157.79
1468,603,1,1.0,139.1
578,233,39,2.0,93.15
1039,424,27,3.0,63.64
1740,715,13,1.0,205.59
184,83,45,1.0,255.49
725,295,21,1.0,358.32
12,6,41,1.0,286.89
101,46,26,1.0,214.51
2416,992,20,1.0,362.1
2321,957,15,2.0,87.26
2616,1076,40,2.0,324.1
318,133,35,2.0,60.59
1173,481,27,3.0,63.64
201,88,20,3.0,362.1
77,36,27,2.0,63.64
1246,509,15,3.0,87.26
559,224,32,1.0,51.46
2369,976,28,2.0,156.32
2952,1208,41,1.0,286.89
595,238,23,1.0,63.17
2724,1116,22,3.0,258.01
711,291,2,1.0,177.95
1963,818,42,2.0,192.54
2094,869,8,2.0,151.06
1921,799,44,3.0,96.95
1155,475,26,2.0,214.51
3024,1236,7,1.0,137.16
2512,1030,13,3.0,205.59
920,380,31,1.0,123.61
1872,777,29,3.0,47.88
496,201,22,3.0,258.01
2651,1089,19,1.0,29.34
815,334,4,2.0,71.42
1045,427,7,2.0,137.16
257,112,33,1.0,259.13
2804,1148,10,1.0,341.69
1904,791,44,2.0,96.95
1168,479,1,3.0,139.1
468,191,21,2.0,358.32
2864,1170,15,2.0,87.26
1701,697,16,1.0,332.14
5,2,9,2.0,59.25
2742,1123,29,2.0,47.88
2923,1197,4,3.0,71.42
867,356,41,2.0,286.89
1742,716,16,2.0,332.14
1999,833,44,2.0,96.95
2770,1136,13,1.0,205.59
2977,1221,9,2.0,59.25
2045,851,6,2.0,193.67
1843,764,2,1.0,177.95
577,232,9,1.0,59.25
2213,916,34,3.0,207.42
2801,1148,3,2.0,364.95
1417,583,21,3.0,358.32
612,246,45,3.0,255.49
2996,1227,45,2.0,255.49
2550,1045,20,3.0,362.1
1252,511,18,3.0,157.79
2841,1161,11,2.0,47.08
3006,1231,34,1.0,207.42
565,226,29,3.0,47.88
916,379,6,1.0,193.67
2656,1090,26,3.0,214.51
1403,577,11,2.0,47.08
2680,1099,18,2.0,157.79
292,126,10,3.0,341.69
2623,1078,44,2.0,96.95
508,204,36,3.0,34.97
1423,585,7,1.0,137.16
36,17,1,1.0,139.1
2174,901,14,2.0,262.99
2001,833,18,3.0,157.79
2798,1146,7,3.0,137.16
1621,666,17,,320.93
3039,1241,7,1.0,137.16
2679,1098,25,3.0,110.49
3064,1251,36,1.0,34.97
219,96,32,1.0,51.46
585,236,37,-1.0,244.04
715,292,3,3.0,364.95
1017,417,14,2.0,262.99
2865,1171,29,3.0,47.88
2297,946,29,3.0,47.88
601,241,8,1.0,151.06
3026,1237,14,3.0,262.99
3101,1265,20,2.0,362.1
2755,1129,23,3.0,63.17
1943,808,41,2.0,286.89
1489,613,21,3.0,358.32
1875,779,20,1.0,362.1
1931,803,29,1.0,47.88
3032,1239,35,1.0,60.59
2853,1165,42,3.0,192.54
439,179,1,1.0,139.1
682,277,14,3.0,262.99
764,312,35,3.0,60.59
2593,1064,27,3.0,63.64
651,263,1,3.0,139.1
1563,642,5,2.0,159.77
277,120,10,3.0,341.69
2575,1056,1,1.0,139.1
1754,721,6,3.0,193.67
2028,844,25,1.0,110.49
1856,769,4,2.0,71.42
493,199,24,3.0,208.86
3097,1264,17,1.0,320.93
2284,942,3,2.0,364.95
993,409,33,3.0,259.13
1068,437,40,3.0,324.1
1889,786,11,3.0,47.08
1009,415,32,2.0,51.46
2033,847,24,,208.86
914,378,3,3.0,364.95
324,137,42,2.0,192.54
368,151,26,1.0,214.51
1483,610,19,2.0,29.34
2808,1150,42,2.0,192.54
2658,1091,26,2.0,214.51
2766,1135,22,1.0,258.01
311,131,36,2.0,34.97
2137,886,29,3.0,47.88
1152,472,45,1.0,255.49
166,74,6,1.0,193.67
1330,543,20,1.0,362.1
238,104,23,2.0,63.17
511,205,5,1.0,159.77
1212,498,25,1.0,110.49
2956,1211,26,3.0,214.51
1822,754,39,3.0,93.15
1987,828,24,1.0,208.86
1204,494,38,2.0,15.86
1149,471,45,1.0,255.49
2902,1189,8,2.0,151.06
2688,1102,7,1.0,137.16
1658,681,28,2.0,156.32
2295,946,41,2.0,286.89
3087,1259,40,1.0,324.1
782,321,31,2.0,123.61
620,250,10,3.0,341.69
2282,942,36,2.0,34.97
670,272,33,1.0,259.13
475,194,21,1.0,358.32
635,256,35,1.0,60.59
837,345,44,1.0,96.95
263,115,20,3.0,362.1
67,32,15,2.0,87.26
1789,738,26,1.0,214.51
1985,828,5,3.0,159.77
871,357,4,1.0,71.42
2031,846,26,3.0,214.51
3046,1243,15,2.0,87.26
864,355,22,3.0,258.01
329,139,12,2.0,209.11
2768,1135,23,3.0,63.17
2030,845,30,2.0,162.31
1612,661,22,2.0,258.01
1109,453,42,1.0,192.54
2355,971,7,3.0,137.16
2988,1225,15,1.0,87.26
2552,1047,28,2.0,156.32
2814,1151,3,3.0,364.95
1221,501,24,2.0,208.86
1690,694,25,2.0,110.49
261,114,37,2.0,244.04
2507,1027,2,1.0,177.95
1809,747,24,3.0,208.86
1363,558,10,3.0,341.69
1044,427,33,3.0,259.13
770,317,4,2.0,71.42
1626,667,45,1.0,255.49
1706,700,13,2.0,205.59
2234,921,34,2.0,207.42
3044,1243,27,2.0,63.64
755,309,23,1.0,63.17
2111,876,7,2.0,137.16
2504,1025,25,3.0,110.49
2330,960,18,2.0,157.79
1606,659,38,2.0,15.86
2860,1167,1,3.0,139.1
3102,1265,11,2.0,47.08
2106,874,31,3.0,123.61
289,124,39,2.0,93.15
227,100,30,3.0,162.31
1996,831,10,2.0,341.69
955,393,7,1.0,137.16
1768,727,38,1.0,15.86
545,219,24,1.0,208.86
2402,989,14,3.0,262.99
1219,500,17,3.0,320.93
1513,623,37,2.0,244.04
3059,1249,25,1.0,110.49
1199,493,44,3.0,96.95
1108,452,22,1.0,258.01
689,281,21,3.0,358.32
2078,861,38,1.0,15.86
1953,812,21,2.0,358.32
2085,865,22,1.0,258.01
1163,477,40,3.0,324.1
3029,1237,44,2.0,96.95
2640,1085,21,3.0,358.32
2392,985,24,1.0,208.86
2662,1092,9,3.0,59.25
2096,870,43,2.0,123.55
349,145,45,2.0,255.49
1767,727,37,2.0,244.04
1438,591,3,3.0,364.95
332,139,1,1.0,139.1
157,69,19,1.0,29.34
1338,547,23,2.0,63.17
2973,1219,11,2.0,47.08
1514,623,39,1.0,93.15
1655,680,37,1.0,244.04
1511,621,14,3.0,262.99
88,41,17,2.0,320.93
43,20,31,3.0,123.61
164,74,40,2.0,324.1
1989,829,37,3.0,244.04
1630,669,41,3.0,286.89
2366,975,1,3.0,139.1
6,3,17,2.0,320.93
1818,751,37,2.0,244.04
1281,522,24,1.0,208.86
1887,784,33,1.0,259.13
2216,916,21,2.0,358.32
1928,802,3,2.0,364.95
22,10,45,3.0,255.49
753,308,15,1.0,87.26
776,319,24,2.0,208.86
2480,1016,45,1.0,255.49
2569,1053,33,3.0,259.13
992,409,16,3.0,332.14
1023,419,25,2.0,110.49
2358,972,33,2.0,259.13
1583,651,4,1.0,71.42
1373,562,26,3.0,214.51
2002,834,43,1.0,123.55
922,380,42,3.0,192.54
336,140,18,1.0,157.79
214,94,42,1.0,192.54
662,267,4,2.0,71.42
3045,1243,14,3.0,262.99
2717,1114,37,3.0,244.04
2009,837,14,2.0,262.99
1319,538,34,3.0,207.42
1973,823,10,2.0,341.69
179,81,5,3.0,159.77
2537,1040,21,2.0,358.32
608,245,6,2.0,193.67
2882,1180,35,2.0,60.59
1207,495,31,2.0,123.61
2576,1056,8,3.0,151.06
2014,840,30,1.0,162.31
2587,1062,28,2.0,156.32
923,381,27,3.0,63.64
60,28,28,2.0,156.32
248,108,37,3.0,244.04
2957,1211,23,3.0,63.17
304,129,44,3.0,96.95
288,123,2,1.0,177.95
1673,686,42,3.0,192.54
1932,803,30,3.0,162.31
521,208,40,3.0,324.1
1645,674,38,3.0,15.86
1521,626,33,2.0,259.13
1838,762,36,3.0,34.97
1574,646,39,1.0,93.15
2531,1038,4,1.0,71.42
700,286,4,2.0,71.42
2907,1191,42,2.0,192.54
3012,1233,23,1.0,63.17
2048,851,9,3.0,59.25
2456,1007,20,3.0,362.1
2638,1084,25,1.0,110.49
2054,854,26,1.0,214.51
404,165,36,2.0,34.97
26,11,18,1.0,157.79
1395,573,5,2.0,159.77
1994,831,28,1.0,156.32
2424,995,32,1.0,51.46
1040,424,25,2.0,110.49
2015,840,45,3.0,255.49
3050,1246,27,1.0,63.64
3035,1240,35,2.0,60.59
220,96,13,1.0,205.59
2980,1222,44,3.0,96.95
1293,527,24,3.0,208.86
708,290,3,2.0,364.95
243,106,11,3.0,47.08
3047,1244,23,2.0,63.17
2669,1094,37,1.0,244.04
317,133,13,3.0,205.59
2426,996,5,2.0,159.77
1896,788,14,1.0,262.99
2953,1208,3,2.0,364.95
1426,586,40,1.0,324.1
2703,1108,9,2.0,59.25
2,1,3,3.0,364.95
3088,1259,39,1.0,93.15
2711,1111,9,1.0,59.25
1185,486,22,2.0,258.01
2546,1044,28,3.0,156.32
1088,444,40,1.0,324.1
626,253,45,2.0,255.49
2401,988,41,2.0,286.89
437,178,40,3.0,324.1
2082,863,8,3.0,151.06
1907,792,24,2.0,208.86
1213,498,13,1.0,205.59
913,378,7,3.0,137.16
2909,1192,35,3.0,60.59
2780,1140,3,2.0,364.95
1780,733,35,3.0,60.59
450,182,30,1.0,162.31
1793,741,23,1.0,63.17
699,286,33,2.0,259.13
2886,1182,15,2.0,87.26
32,16,5,1.0,159.77
769,316,28,3.0,156.32
396,163,4,2.0,71.42
2594,1065,19,1.0,29.34
2120,879,12,3.0,209.11
315,132,19,1.0,29.34
3009,1231,17,2.0,320.93
1611,661,4,1.0,71.42
1812,748,24,3.0,208.86
1923,799,12,2.0,209.11
2514,1031,7,2.0,137.16
501,202,12,3.0,209.11
267,116,39,2.0,93.15
732,300,45,2.0,255.49
2664,1092,38,2.0,15.86
28,12,44,2.0,96.95
273,118,5,2.0,159.77
229,100,9,1.0,59.25
1559,641,37,1.0,244.04
2859,1167,41,1.0,286.89
772,318,43,1.0,123.55
976,401,27,3.0,63.64
2784,1141,18,3.0,157.79
2153,892,29,3.0,47.88
1956,813,33,1.0,259.13
210,92,25,3.0,110.49
1937,806,36,2.0,34.97
1935,805,37,3.0,244.04
1845,765,42,3.0,192.54
3062,1251,41,2.0,286.89
709,291,26,3.0,214.51
1936,806,31,1.0,123.61
636,256,44,1.0,96.95
241,105,41,3.0,286.89
2347,969,26,1.0,214.51
1750,719,8,2.0,151.06
945,390,42,2.0,192.54
2709,1110,14,3.0,262.99
1398,575,7,3.0,137.16
2897,1188,24,1.0,208.86
2427,996,23,3.0,63.17
1644,674,42,2.0,192.54
573,230,17,2.0,320.93
2760,1131,28,1.0,156.32
212,92,3,3.0,364.95
1681,690,42,2.0,192.54
500,202,21,3.0,358.32
2545,1043,9,1.0,59.25
1005,413,36,3.0,34.97
2283,942,29,3.0,47.88
1607,660,30,3.0,162.31
534,214,3,1.0,364.95
1546,637,35,2.0,60.59
659,267,30,2.0,162.31
2769,1135,7,1.0,137.16
2503,1024,44,1.0,96.95
269,117,9,2.0,59.25
1526,627,3,2.0,364.95
228,100,36,1.0,34.97
2781,1140,9,3.0,59.25
1801,743,20,1.0,362.1
931,384,34,3.0,207.42
2523,1035,12,2.0,209.11
2087,866,4,2.0,71.42
889,365,44,2.0,96.95
2785,1141,8,2.0,151.06
2207,913,24,2.0,208.86
745,305,20,3.0,362.1
1024,419,17,1.0,320.93
151,66,35,2.0,60.59
2419,994,38,3.0,15.86
2466,1011,31,1.0,123.61
609,245,7,1.0,137.16
897,372,27,3.0,63.64
2364,974,35,2.0,60.59
1379,566,23,2.0,63.17
898,372,43,3.0,123.55
1623,666,8,3.0,151.06
2101,872,3,3.0,364.95
1719,706,31,1.0,123.61
2500,1023,5,1.0,159.77
2451,1006,25,3.0,110.49
1641,673,28,2.0,156.32
3057,1248,13,1.0,205.59
1367,559,6,2.0,193.67
192,85,13,3.0,205.59
2522,1034,7,2.0,137.16
2974,1220,12,3.0,209.11
2745,1124,41,2.0,286.89
677,275,35,1.0,60.59
2816,1152,18,2.0,157.79
1876,779,9,1.0,59.25
826,340,3,1.0,364.95
1890,786,35,1.0,60.59
1693,694,42,2.0,192.54
165,74,1,1.0,139.1
1010,415,37,1.0,244.04
1460,601,10,3.0,341.69
2144,888,26,3.0,214.51
2918,1195,10,1.0,341.69
1475,606,43,3.0,123.55
2691,1103,35,3.0,60.59
865,355,24,2.0,208.86
1160,476,1,2.0,139.1
679,276,41,2.0,286.89
1326,541,14,3.0,262.99
1980,826,36,1.0,34.97
2444,1002,45,1.0,255.49
2252,926,43,3.0,123.55
1046,427,19,3.0,29.34
2835,1158,29,1.0,47.88
1295,528,11,2.0,47.08
872,357,10,2.0,341.69
1795,741,29,1.0,47.88
915,378,1,1.0,139.1
1656,680,12,2.0,209.11
2722,1115,16,3.0,332.14
1828,758,24,2.0,208.86
2885,1182,1,2.0,139.1
2187,906,34,1.0,207.42
738,303,40,3.0,324.1
191,85,42,1.0,192.54
1445,595,28,3.0,156.32
1518,625,12,1.0,209.11
433,175,35,1.0,60.59
2906,1191,9,2.0,59.25
1431,588,32,1.0,51.46
14,6,7,1.0,137.16
2008,837,20,1.0,362.1
1608,660,34,3.0,207.42
1633,669,37,3.0,244.04
3099,1265,7,1.0,137.16
2270,936,21,2.0,358.32
2643,1086,35,2.0,60.59
2585,1060,45,1.0,255.49
1072,438,21,3.0,358.32
1547,638,7,3.0,137.16
204,89,40,1.0,324.1
1447,595,40,1.0,324.1
650,262,20,3.0,362.1
892,367,38,3.0,15.86
2210,914,30,3.0,162.31
1346,550,1,1.0,139.1
1846,766,45,1.0,255.49
2508,1028,15,1.0,87.26
4,2,13,3.0,205.59
2989,1225,25,2.0,110.49
2856,1166,6,3.0,193.67
372,152,35,1.0,60.59
3094,1263,36,2.0,34.97
528,211,2,1.0,177.95
69,32,23,2.0,63.17
586,236,41,2.0,286.89
45,21,3,3.0,364.95
1826,757,43,2.0,123.55
949,391,33,3.0,259.13
98,45,28,1.0,156.32
610,245,1,1.0,139.1
2556,1048,36,2.0,34.97
2104,874,28,1.0,156.32
144,62,5,1.0,159.77
2775,1137,26,2.0,214.51
384,156,16,2.0,332.14
3020,1235,21,2.0,358.32
2620,1077,34,3.0,207.42
1908,792,12,3.0,209.11
1231,504,11,3.0,47.08
190,85,3,2.0,364.95
1123,459,7,3.0,137.16
2846,1163,33,1.0,259.13
1541,634,9,1.0,59.25
627,253,2,1.0,177.95
2661,1092,7,1.0,137.16
73,34,20,1.0,362.1
2604,1069,28,2.0,156.32
1394,572,19,3.0,29.34
401,164,12,1.0,209.11
2203,912,2,3.0,177.95
2498,1022,11,3.0,47.08
989,407,17,3.0,320.93
3016,1234,21,3.0,358.32
1558,641,39,3.0,93.15
1512,622,10,2.0,341.69
252,110,11,2.0,47.08
751,307,1,2.0,139.1
1791,739,8,1.0,151.06
972,400,25,3.0,110.49
1195,491,37,1.0,244.04
2513,1031,14,2.0,262.99
1918,797,30,2.0,162.31
611,246,1,2.0,139.1
2116,878,3,2.0,364.95
279,120,39,3.0,93.15
2118,878,27,3.0,63.64
1881,782,5,1.0,159.77
614,246,8,2.0,151.06
666,270,36,3.0,34.97
2060,856,17,1.0,320.93
2771,1136,6,2.0,193.67
53,26,33,1.0,259.13
1264,515,15,1.0,87.26
291,125,38,1.0,15.86
1191,488,13,3.0,205.59
2774,1137,31,2.0,123.61
365,151,44,2.0,96.95
509,205,19,3.0,29.34
2949,1205,7,1.0,137.16
296,127,10,2.0,341.69
1642,673,40,2.0,324.1
2610,1073,29,3.0,47.88
1203,494,25,1.0,110.49
425,172,17,3.0,320.93
2744,1124,20,1.0,362.1
2370,977,22,1.0,258.01
25,11,27,2.0,63.64
47,23,32,3.0,51.46
1891,786,1,1.0,139.1
527,211,23,2.0,63.17
1250,511,30,2.0,162.31
1942,807,4,1.0,71.42
2903,1189,37,1.0,244.04
2581,1058,33,3.0,259.13
2199,910,26,1.0,214.51
256,112,24,2.0,208.86
2353,970,7,1.0,137.16
512,205,27,3.0,63.64
710,291,32,2.0,51.46
2516,1032,25,1.0,110.49
1348,552,7,2.0,137.16
18,8,9,1.0,59.25
2725,1117,10,1.0,341.69
1414,581,9,1.0,59.25
2472,1012,33,2.0,259.13
2296,946,17,1.0,320.93
2759,1131,4,2.0,71.42
2654,1089,22,3.0,258.01
903,374,23,2.0,63.17
2083,863,26,1.0,214.51
2095,870,23,1.0,63.17
744,305,22,1.0,258.01
3033,1239,28,1.0,156.32
1240,507,9,2.0,59.25
1061,433,12,1.0,209.11
592,238,41,1.0,286.89
1602,657,28,1.0,156.32
1139,467,21,2.0,358.32
844,349,20,2.0,362.1
2044,850,2,3.0,177.95
2960,1213,19,1.0,29.34
1759,722,16,3.0,332.14
1051,429,41,3.0,286.89
771,317,7,1.0,137.16
2226,919,10,3.0,341.69
446,181,40,-1.0,324.1
1372,562,32,3.0,51.46
202,89,3,2.0,364.95
471,191,18,2.0,157.79
1239,507,2,3.0,177.95
1402,577,26,3.0,214.51
1256,512,35,3.0,60.59
2615,1076,26,2.0,214.51
2832,1157,10,2.0,341.69
2374,979,3,3.0,364.95
2663,1092,21,2.0,358.32
2931,1199,45,3.0,255.49
3089,1260,13,3.0,205.59
105,48,10,1.0,341.69
276,119,9,1.0,59.25
1070,438,11,1.0,47.08
1728,710,41,1.0,286.89
2696,1105,21,3.0,358.32
2251,926,3,2.0,364.95
1786,737,29,3.0,47.88
2205,913,8,3.0,151.06
975,401,9,3.0,59.25
3011,1232,23,2.0,63.17
1509,619,31,3.0,123.61
1866,774,22,1.0,258.01
553,222,16,1.0,332.14
2308,951,29,3.0,47.88
1962,817,37,3.0,244.04
2204,913,33,2.0,259.13
2904,1190,25,2.0,110.49
830,341,41,1.0,286.89
1539,633,11,2.0,47.08
2148,891,40,3.0,324.1
2630,1082,37,1.0,244.04
874,358,6,3.0,193.67
2530,1037,20,1.0,362.1
2217,917,27,1.0,63.64
1784,735,5,2.0,159.77
1294,527,4,1.0,71.42
2939,1202,28,1.0,156.32
2006,836,29,1.0,47.88
3021,1235,8,3.0,151.06
357,148,37,3.0,244.04
2631,1082,39,3.0,93.15
1140,468,17,3.0,320.93
1421,584,21,2.0,358.32
1362,558,37,3.0,244.04
2365,974,10,2.0,341.69
3015,1233,25,1.0,110.49
1661,682,25,2.0,110.49
603,242,9,2.0,59.25
515,207,35,3.0,60.59
684,278,3,2.0,364.95
3005,1230,18,2.0,157.79
2699,1105,9,1.0,59.25
1113,455,11,2.0,47.08
2186,906,1,1.0,139.1
2888,1183,44,3.0,96.95
932,385,28,3.0,156.32
188,84,21,2.0,358.32
1589,653,28,1.0,156.32
2929,1199,9,2.0,59.25
673,274,1,3.0,139.1
702,287,30,1.0,162.31
485,197,25,1.0,110.49
2340,965,16,3.0,332.14
2762,1132,19,2.0,29.34
1054,430,8,1.0,151.06
1157,475,42,3.0,192.54
2562,1050,13,1.0,205.59
928,383,27,2.0,63.64
817,335,18,3.0,157.79
2739,1122,4,3.0,71.42
3048,1245,24,1.0,208.86
1949,811,30,3.0,162.31
1138,467,45,2.0,255.49
2291,944,11,1.0,47.08
1237,507,11,3.0,47.08
999,411,42,3.0,192.54
242,105,20,1.0,362.1
731,299,38,3.0,15.86
2317,955,43,3.0,123.55
1067,437,22,3.0,258.01
1262,515,19,3.0,29.34
1413,581,35,3.0,60.59
1102,450,31,1.0,123.61
1164,477,11,1.0,47.08
1254,512,34,2.0,207.42
1410,580,27,3.0,63.64
1479,608,45,3.0,255.49
2899,1188,5,1.0,159.77
818,335,32,1.0,51.46
649,261,16,2.0,332.14
2072,859,3,3.0,364.95
1450,597,27,2.0,63.64
172,78,28,2.0,156.32
1287,525,16,3.0,332.14
2091,868,26,1.0,214.51
1643,673,42,2.0,192.54
2261,933,2,2.0,177.95
1912,795,39,1.0,93.15
1588,653,25,3.0,110.49
1148,471,29,1.0,47.88
143,62,10,2.0,341.69
1424,586,39,1.0,93.15
1063,435,38,2.0,15.86
340,142,21,1.0,358.32
2131,882,1,3.0,139.1
1653,680,43,1.0,123.55
3080,1257,5,1.0,159.77
722,295,23,2.0,63.17
1794,741,27,2.0,63.64
942,389,6,2.0,193.67
1384,569,22,3.0,258.01
1685,692,7,2.0,137.16
2177,902,42,1.0,192.54
2135,884,20,1.0,362.1
2706,1108,45,3.0,255.49
278,120,13,2.0,205.59
1441,593,35,3.0,60.59
217,95,17,2.0,320.93
2797,1146,31,3.0,123.61
570,229,29,3.0,47.88
2936,1201,1,2.0,139.1
322,135,7,2.0,137.16
418,170,35,2.0,60.59
2646,1087,10,3.0,341.69
1613,662,27,2.0,63.64
2484,1017,19,3.0,29.34
2043,850,10,1.0,341.69
1234,506,39,2.0,93.15
793,325,31,1.0,123.61
1763,725,16,3.0,332.14
2529,1036,15,1.0,87.26
2269,936,7,2.0,137.16
3054,1248,16,3.0,332.14
1482,609,20,2.0,362.1
978,402,41,1.0,286.89
796,326,29,1.0,47.88
2007,836,25,2.0,110.49
2445,1003,24,1.0,208.86
2227,919,33,2.0,259.13
925,382,40,1.0,324.1
1979,826,32,1.0,51.46
2509,1029,27,3.0,63.64
1499,616,41,3.0,286.89
175,79,5,3.0,159.77
2916,1194,9,2.0,59.25
1310,534,36,3.0,34.97
379,155,15,1.0,87.26
1638,672,19,2.0,29.34
2411,991,38,3.0,15.86
836,344,42,3.0,192.54
355,147,44,1.0,96.95
2609,1072,39,1.0,93.15
173,78,1,1.0,139.1
124,54,4,1.0,71.42
1142,468,28,3.0,156.32
2793,1144,19,1.0,29.34
1146,470,37,2.0,244.04
2263,933,21,1.0,358.32
2501,1023,43,3.0,123.55
2496,1021,6,3.0,193.67
2857,1166,36,1.0,34.97
759,310,14,2.0,262.99
1349,552,3,2.0,364.95
253,111,22,1.0,258.01
2452,1006,14,2.0,262.99
2868,1172,32,1.0,51.46
2406,990,32,1.0,51.46
2483,1017,35,1.0,60.59
804,329,1,3.0,139.1
2685,1100,38,3.0,15.86
1649,676,5,1.0,159.77
2059,856,10,1.0,341.69
2878,1178,35,3.0,60.59
2103,873,34,3.0,207.42
1224,502,37,3.0,244.04
1032,422,14,2.0,262.99
1992,830,16,2.0,332.14
2403,989,6,1.0,193.67
2189,907,4,1.0,71.42
3,1,38,1.0,15.86
991,408,40,3.0,324.1
643,258,6,3.0,193.67
907,375,43,3.0,123.55
1597,656,45,1.0,255.49
206,90,33,1.0,259.13
2201,911,6,2.0,193.67
801,328,25,3.0,110.49
2914,1194,36,1.0,34.97
1305,533,36,2.0,34.97
1991,830,6,1.0,193.67
2233,921,3,1.0,364.95
1585,651,36,3.0,34.97
2241,924,31,2.0,123.61
1773,728,5,3.0,159.77
798,327,44,1.0,96.95
1694,695,26,1.0,214.51
2468,1011,25,2.0,110.49
562,226,27,2.0,63.64
2525,1035,45,2.0,255.49
2765,1134,30,3.0,162.31
1966,819,21,2.0,358.32
2858,1167,4,2.0,71.42
2467,1011,5,1.0,159.77
2825,1155,7,3.0,137.16
852,351,44,3.0,96.95
1544,636,38,3.0,15.86
2751,1127,33,2.0,259.13
455,184,45,2.0,255.49
1186,486,5,2.0,159.77
2635,1083,19,2.0,29.34
1020,418,1,2.0,139.1
1169,480,23,3.0,63.17
929,384,1,3.0,139.1
29,13,26,2.0,214.51
1552,639,26,3.0,214.51
1405,577,23,3.0,63.17
382,156,25,2.0,110.49
1897,788,33,2.0,259.13
2619,1077,10,3.0,341.69
1172,481,12,1.0,209.11
912,378,8,1.0,151.06
680,276,45,1.0,255.49
2223,918,34,2.0,207.42
1292,526,41,3.0,286.89
1100,450,23,1.0,63.17
2532,1039,10,1.0,341.69
2708,1110,20,1.0,362.1
835,344,15,1.0,87.26
1670,686,2,3.0,177.95
1437,591,26,2.0,214.51
768,315,36,1.0,34.97
2055,854,43,3.0,123.55
1689,693,13,1.0,205.59
1251,511,35,1.0,60.59
99,46,34,3.0,207.42
789,324,38,2.0,15.86
2154,892,15,3.0,87.26
1720,707,27,3.0,63.64
757,310,1,3.0,139.1
952,392,15,2.0,87.26
762,312,25,2.0,110.49
119,52,19,3.0,29.34
207,90,44,1.0,96.95
2161,894,12,2.0,209.11
2577,1057,34,1.0,207.42
3084,1258,20,3.0,362.1
305,130,13,2.0,205.59
828,341,33,3.0,259.13
2068,858,10,2.0,341.69
2475,1014,37,3.0,244.04
743,305,7,1.0,137.16
2019,842,16,3.0,332.14
1418,583,5,3.0,159.77
1407,579,15,2.0,87.26
2056,854,24,1.0,208.86
842,347,17,3.0,320.93
2400,987,40,2.0,324.1
1071,438,1,3.0,139.1
2683,1099,29,1.0,47.88
424,171,21,3.0,358.32
1335,546,43,1.0,123.55
1575,647,6,1.0,193.67
451,183,6,2.0,193.67
1388,570,35,3.0,60.59
965,398,32,3.0,51.46
1242,508,5,1.0,159.77
1401,576,3,1.0,364.95
2016,840,2,3.0,177.95
200,88,19,3.0,29.34
423,171,24,1.0,208.86
1027,420,3,2.0,364.95
2990,1225,30,2.0,162.31
1419,584,10,2.0,341.69
2608,1071,30,3.0,162.31
736,303,1,1.0,139.1
2077,861,43,3.0,123.55
3037,1241,45,1.0,255.49
2761,1131,32,2.0,51.46
2582,1059,7,3.0,137.16
2734,1120,25,2.0,110.49
599,239,22,3.0,258.01
576,232,40,1.0,324.1
492,199,5,3.0,159.77
348,144,4,2.0,71.42
1501,617,20,2.0,362.1
2543,1042,41,2.0,286.89
1766,726,2,2.0,177.95
1895,788,28,2.0,156.32
2371,978,38,3.0,15.86
411,167,38,3.0,15.86
2219,917,4,1.0,71.42
2876,1177,16,2.0,332.14
1864,772,45,1.0,255.49
950,391,36,3.0,34.97
3013,1233,45,3.0,255.49
564,226,32,1.0,51.46
778,320,7,3.0,137.16
2489,1019,14,1.0,262.99
350,145,8,2.0,151.06
271,117,24,2.0,208.86
1374,563,16,2.0,332.14
2192,908,44,2.0,96.95
1086,443,30,1.0,162.31
1930,803,25,1.0,110.49
270,117,17,1.0,320.93
621,251,7,1.0,137.16
668,271,16,3.0,332.14
459,186,5,3.0,159.77
116,52,3,1.0,364.95
829,341,26,1.0,214.51
1110,453,27,1.0,63.64
1902,791,39,1.0,93.15
2097,871,25,3.0,110.49
1385,570,2,1.0,177.95
2900,1189,31,2.0,123.61
2185,905,27,2.0,63.64
987,406,13,2.0,205.59
2182,904,24,1.0,208.86
2410,991,18,3.0,157.79
2034,848,30,1.0,162.31
1365,559,37,2.0,244.04
452,184,4,1.0,71.42
