order_id,customer_id,order_date,status,payment_method
705,138,2024-06-10,cancelled,gift_card
526,111,2024-01-25,completed,gift_card
52,12,2023-05-22,completed,gift_card
217,56,2024-05-03,completed,credit_card
35,10,2023-07-19,refunded,gift_card
904,167,2024-06-28,completed,debit_card
876,162,2023-04-26,cancelled,gift_card
927,170,2024-04-12,pending,paypal
1059,192,2023-07-28,refunded,gift_card
507,108,2024-05-30,cancelled,gift_card
405,87,2023-10-24,cancelled,
1045,190,2023-12-12,completed,paypal
807,150,2024-04-07,completed,
475,101,2023-03-17,cancelled,credit_card
761,143,2023-12-06,completed,
64,15,2024-05-01,cancelled,gift_card
667,129,2024-01-03,refunded,gift_card
922,170,2024-05-18,completed,debit_card
1139,204,2023-10-26,refunded,gift_card
129,29,2023-12-22,completed,gift_card
281,64,2023-12-08,completed,paypal
644,127,2023-05-24,completed,paypal
1229,215,2024-06-02,completed,debit_card
725,140,2024-01-31,completed,credit_card
991,181,2024-05-08,cancelled,gift_card
1013,184,2023-11-04,completed,gift_card
111,24,2023-09-11,completed,gift_card
780,147,2023-06-20,completed,credit_card
703,138,2024-04-09,pending,gift_card
976,178,2023-09-06,completed,
1022,185,2023-10-24,completed,debit_card
673,130,2023-08-19,completed,
1019,185,2023-10-06,cancelled,debit_card
595,118,2024-05-28,pending,debit_card
205,54,2023-06-07,refunded,paypal
622,122,2024-05-23,completed,debit_card
187,46,2023-11-10,pending,debit_card
410,88,2024-06-30,completed,debit_card
409,88,2024-06-28,refunded,
669,129,2024-02-12,completed,paypal
548,113,2023-11-27,cancelled,
453,93,2023-11-26,completed,paypal
726,140,2023-11-02,completed,paypal
887,163,2024-04-05,completed,
997,181,2024-06-13,cancelled,credit_card
173,45,2024-06-21,cancelled,gift_card
238,58,2024-01-18,pending,credit_card
400,87,2023-09-07,refunded,
1200,213,2024-04-07,pending,credit_card
114,26,2024-06-23,completed,paypal
825,154,2024-06-16,completed,
448,93,2023-09-06,completed,
501,106,2024-01-03,refunded,debit_card
99,21,2024-05-18,completed,credit_card
352,78,2023-11-14,completed,gift_card
1190,211,2023-03-30,completed,paypal
263,62,2024-03-27,refunded,paypal
1083,196,2024-01-06,completed,gift_card
446,92,2024-05-16,completed,credit_card
618,122,2023-08-05,refunded,debit_card
329,76,2024-05-18,cancelled,debit_card
969,177,2024-06-19,completed,debit_card
1225,215,2024-05-22,completed,paypal
1160,207,2024-02-28,refunded,paypal
386,85,2023-09-26,completed,gift_card
1234,215,2024-04-24,refunded,
1014,185,2024-05-09,completed,
458,93,2024-02-07,refunded,
1092,197,2024-02-22,completed,
69,15,2024-06-01,cancelled,credit_card
744,141,2024-05-22,completed,debit_card
686,137,2024-05-14,refunded,debit_card
1260,219,2024-06-25,refunded,debit_card
598,118,2023-11-18,cancelled,paypal
514,109,2024-03-22,completed,gift_card
152,35,2024-06-09,completed,credit_card
309,70,2024-05-11,completed,credit_card
1167,208,2023-10-14,cancelled,debit_card
882,162,2023-11-12,cancelled,debit_card
875,162,2023-09-17,cancelled,gift_card
433,91,2024-04-05,completed,
518,109,2024-02-14,completed,
549,113,2023-12-16,completed,gift_card
821,153,2023-06-24,cancelled,gift_card
699,137,2024-02-01,pending,
1071,193,2024-01-21,pending,credit_card
221,56,2024-04-22,completed,gift_card
28,8,2024-03-07,pending,gift_card
588,117,2024-01-27,refunded,debit_card
190,46,2023-11-22,completed,credit_card
619,122,2023-11-24,refunded,gift_card
417,88,2024-06-30,cancelled,
745,141,2024-04-27,completed,paypal
955,175,2023-09-29,completed,
147,34,2024-06-12,pending,
1142,204,2024-04-27,completed,debit_card
664,128,2024-05-02,refunded,debit_card
1117,201,2023-06-12,completed,debit_card
359,80,2024-01-14,refunded,credit_card
47,11,2024-01-06,completed,
142,32,2023-12-17,pending,gift_card
977,178,2023-11-16,refunded,paypal
102,22,2023-09-01,refunded,
180,46,2024-05-04,completed,
782,148,2024-02-08,completed,credit_card
948,172,2023-11-21,cancelled,gift_card
110,23,2023-08-14,completed,credit_card
427,90,2024-03-03,pending,credit_card
697,137,2024-01-25,completed,credit_card
523,110,2023-04-04,pending,paypal
317,71,2023-04-21,cancelled,gift_card
879,162,2024-04-10,cancelled,debit_card
1136,204,2023-11-19,completed,gift_card
331,76,2024-04-16,cancelled,
680,134,2024-01-29,cancelled,paypal
494,106,2024-05-04,completed,credit_card
229,57,2023-12-09,pending,debit_card
1195,212,2024-03-09,pending,paypal
512,109,2023-12-27,completed,
493,106,2023-06-03,cancelled,debit_card
337,78,2023-04-17,completed,gift_card
416,88,2024-06-29,cancelled,paypal
1248,218,2024-05-30,completed,paypal
254,60,2024-01-11,cancelled,paypal
721,139,2024-03-07,completed,
682,136,2023-02-11,pending,credit_card
700,138,2024-06-06,pending,
529,111,2023-12-11,completed,credit_card
398,87,2024-01-24,cancelled,
818,152,2023-09-03,completed,debit_card
61,15,2024-06-21,completed,gift_card
1175,208,2023-07-22,completed,gift_card
1085,196,2023-12-04,cancelled,paypal
747,141,2024-06-03,completed,gift_card
1204,213,2024-01-04,pending,gift_card
171,45,2024-06-17,completed,gift_card
722,139,2023-08-17,cancelled,gift_card
572,116,,completed,debit_card
1055,192,2024-01-10,refunded,credit_card
675,132,2023-10-14,refunded,
286,67,2024-04-30,completed,paypal
1242,218,2024-06-20,completed,
839,157,2024-02-06,completed,gift_card
10,3,2024-01-15,completed,gift_card
769,146,2023-12-04,completed,paypal
54,12,2024-02-18,completed,
242,60,2023-10-26,completed,gift_card
1054,192,2024-01-20,completed,gift_card
474,100,2024-06-06,completed,credit_card
373,82,2023-12-08,completed,
41,11,2023-10-15,completed,debit_card
748,141,2024-06-15,completed,debit_card
666,128,2024-05-12,cancelled,debit_card
1096,198,2024-06-23,completed,paypal
841,157,2023-09-02,refunded,gift_card
84,19,2023-11-02,completed,paypal
1217,214,2024-05-18,refunded,gift_card
936,170,2024-04-24,completed,credit_card
1143,205,2023-12-17,refunded,paypal
859,161,2024-05-31,refunded,gift_card
447,93,2023-10-09,completed,gift_card
1012,183,2024-05-25,completed,
208,56,2024-03-22,pending,paypal
586,117,2023-06-14,pending,
901,166,2024-05-14,completed,paypal
894,164,2024-06-23,refunded,credit_card
97,21,2024-05-03,completed,gift_card
772,146,2024-01-04,completed,debit_card
307,70,2024-05-15,completed,debit_card
569,116,2024-04-14,completed,debit_card
126,28,2024-06-28,refunded,
717,139,2023-11-07,completed,gift_card
55,13,2024-01-08,completed,
408,88,2024-06-27,completed,gift_card
124,28,2024-05-31,cancelled,debit_card
253,60,2023-07-12,cancelled,
936,170,2024-04-24,completed,credit_card
370,81,2024-05-21,completed,credit_card
1138,204,2023-10-31,completed,paypal
1151,206,2024-05-16,completed,paypal
98,21,2024-06-27,completed,credit_card
1216,213,2024-05-19,refunded,
1239,216,2023-07-05,completed,gift_card
840,157,2023-07-03,completed,gift_card
836,157,2024-05-15,completed,
591,117,2024-04-11,completed,debit_card
707,138,2024-04-09,refunded,debit_card
362,80,2024-02-14,completed,debit_card
13,5,2023-02-04,refunded,debit_card
485,103,2023-11-09,cancelled,
364,80,2024-01-10,completed,credit_card
715,138,2024-04-05,completed,paypal
557,113,2024-05-14,pending,
49,12,2023-07-12,cancelled,paypal
14,6,2024-06-04,pending,gift_card
670,129,2024-01-10,pending,credit_card
327,76,2024-04-22,completed,credit_card
596,118,2024-03-09,pending,gift_card
925,170,2024-06-17,completed,paypal
983,180,2023-04-30,completed,paypal
706,138,2024-03-22,completed,credit_card
21,6,2024-06-04,completed,
620,122,2023-11-26,pending,gift_card
535,111,2024-05-28,completed,debit_card
542,113,2023-07-25,completed,credit_card
1164,208,2023-12-26,completed,credit_card
944,171,2024-06-07,pending,
1165,208,2024-06-13,completed,paypal
489,105,2024-02-02,completed,credit_card
1188,211,2023-08-09,completed,debit_card
206,55,2023-06-21,completed,debit_card
624,123,2024-04-15,completed,debit_card
709,138,2024-05-05,completed,credit_card
1095,198,2024-01-24,pending,paypal
380,83,2023-10-23,completed,debit_card
368,81,2023-09-12,completed,debit_card
18,6,2024-06-18,completed,paypal
1065,193,2024-06-19,completed,paypal
464,96,2024-06-29,pending,
757,142,2023-10-28,completed,debit_card
532,111,2023-12-04,completed,debit_card
290,68,2024-03-15,pending,debit_card
527,111,2023-12-12,refunded,debit_card
1087,196,2023-12-09,completed,paypal
116,26,2023-12-01,completed,credit_card
604,118,2024-04-28,completed,gift_card
432,90,2024-03-28,refunded,debit_card
468,96,2023-10-26,completed,gift_card
421,89,2023-04-03,pending,
963,176,2023-06-16,completed,debit_card
158,40,2023-02-20,pending,credit_card
916,169,2024-06-18,refunded,paypal
734,140,2024-05-06,pending,paypal
762,144,2023-05-13,completed,gift_card
141,32,2024-05-01,refunded,debit_card
960,176,2023-12-13,refunded,paypal
900,166,2024-04-18,pending,
1205,213,2024-04-02,completed,debit_card
463,95,2023-08-03,completed,
1247,218,2024-05-12,completed,credit_card
610,121,2024-04-13,completed,gift_card
16,6,2024-06-08,completed,
566,116,2023-06-14,pending,debit_card
1034,188,2023-06-22,completed,
165,43,2024-04-11,pending,paypal
881,162,2023-05-05,completed,paypal
109,23,2023-03-30,completed,
1173,208,2023-11-25,completed,debit_card
225,56,2024-04-18,pending,gift_card
284,65,2023-11-01,pending,credit_card
1056,192,2023-05-07,completed,paypal
264,62,2023-05-23,refunded,credit_card
100,21,2024-04-10,cancelled,
740,141,2024-05-24,completed,paypal
870,161,2024-06-09,refunded,
849,158,2024-06-30,pending,debit_card
431,90,2024-01-10,completed,
1140,204,2023-08-07,completed,paypal
1235,215,2024-05-25,completed,paypal
1068,193,2023-08-26,completed,paypal
348,78,2024-02-26,cancelled,credit_card
375,82,2023-12-20,completed,paypal
24,6,2024-06-30,completed,credit_card
1171,208,2023-07-01,cancelled,gift_card
1253,219,2023-11-11,completed,paypal
511,109,2024-03-28,pending,debit_card
1032,186,2024-04-13,completed,gift_card
279,64,2024-01-03,refunded,credit_card
733,140,2023-10-26,completed,debit_card
573,117,2023-10-17,completed,gift_card
774,147,2023-10-02,completed,gift_card
1070,193,2024-01-13,pending,paypal
892,163,2024-04-16,refunded,paypal
1241,218,2024-06-23,refunded,gift_card
814,151,2024-02-10,completed,gift_card
656,128,2024-05-06,completed,gift_card
285,66,2023-05-18,pending,
232,57,2024-06-01,refunded,gift_card
148,34,2024-06-26,completed,
168,45,2024-06-09,pending,debit_card
899,165,2023-10-21,refunded,credit_card
71,15,2024-05-29,completed,gift_card
541,112,2023-11-17,refunded,credit_card
713,138,2024-05-07,completed,paypal
172,45,2024-06-30,completed,paypal
958,175,2023-10-22,refunded,credit_card
169,45,2024-06-27,completed,paypal
265,62,2024-04-17,pending,debit_card
698,137,2024-05-29,completed,debit_card
273,63,2024-05-13,completed,gift_card
1186,209,2023-09-28,cancelled,paypal
636,126,2023-10-26,completed,gift_card
524,110,2023-03-30,cancelled,gift_card
1048,190,2023-04-23,pending,debit_card
43,11,2024-02-06,cancelled,
842,157,2023-11-03,completed,credit_card
1098,198,2023-10-19,completed,
133,30,2024-03-03,completed,debit_card
396,87,2023-06-01,completed,credit_card
39,11,2024-05-11,completed,paypal
326,75,2023-10-18,completed,
672,130,2023-09-16,completed,paypal
1105,199,2023-09-06,completed,credit_card
271,62,2024-03-27,refunded,gift_card
306,70,2024-06-17,pending,gift_card
1121,201,2024-06-13,refunded,
167,44,2023-11-04,pending,credit_card
993,181,2024-05-08,completed,
72,16,2023-03-24,completed,gift_card
1233,215,2024-06-14,cancelled,paypal
771,146,2024-01-19,refunded,paypal
1028,186,2024-03-23,completed,paypal
1201,213,2024-06-25,completed,
1227,215,2024-04-23,completed,debit_card
547,113,2024-02-28,completed,paypal
319,72,2023-12-17,pending,gift_card
5,3,2024-06-28,refunded,gift_card
469,96,2024-01-21,refunded,gift_card
1086,196,2023-09-04,completed,gift_card
508,108,2023-09-13,completed,paypal
889,163,2024-06-11,cancelled,gift_card
942,171,2024-06-20,completed,
531,111,2024-06-22,completed,
565,116,2024-01-04,completed,debit_card
659,128,2024-06-26,refunded,debit_card
869,161,2024-05-31,completed,gift_card
1125,202,2024-06-12,pending,debit_card
95,21,2024-05-15,cancelled,gift_card
96,21,2024-05-02,completed,
397,87,2024-04-24,refunded,
472,98,2023-01-11,cancelled,gift_card
351,78,2023-09-19,completed,
419,88,2024-06-28,completed,debit_card
651,128,2024-06-30,completed,paypal
59,15,2024-06-28,refunded,paypal
528,111,2023-12-07,completed,debit_card
1185,209,2023-10-15,cancelled,debit_card
1206,213,2024-03-17,cancelled,debit_card
25,6,2024-06-05,completed,paypal
982,179,2023-12-06,completed,
607,119,2024-01-06,completed,debit_card
245,60,2024-03-12,refunded,paypal
26,6,2024-06-13,cancelled,
749,141,2024-05-29,completed,credit_card
356,78,2024-05-04,pending,credit_card
223,56,2024-06-05,completed,
652,128,2024-06-10,completed,debit_card
106,23,2023-11-27,cancelled,
1135,204,2023-05-27,completed,credit_card
131,29,2024-01-03,completed,gift_card
154,37,2024-03-11,pending,gift_card
934,170,2024-06-09,completed,debit_card
1040,189,2023-03-07,completed,
413,88,2024-06-27,completed,credit_card
940,171,2024-06-13,completed,paypal
1062,192,2023-09-22,cancelled,gift_card
558,113,2023-12-27,cancelled,credit_card
595,118,2024-05-28,pending,debit_card
76,17,2024-03-23,completed,credit_card
1023,185,2023-11-12,cancelled,gift_card
1118,201,2023-08-19,completed,credit_card
805,150,2024-05-09,completed,gift_card
378,82,2024-03-31,pending,debit_card
1049,190,2024-05-16,completed,gift_card
1262,219,2023-10-17,completed,paypal
509,109,2023-11-20,completed,credit_card
599,118,2024-05-17,completed,credit_card
200,52,2023-03-25,cancelled,
931,170,2024-06-08,completed,credit_card
135,31,2024-04-28,refunded,paypal
499,106,2023-07-25,pending,
260,61,2023-10-14,completed,
335,77,2023-06-07,completed,credit_card
723,140,2024-05-11,completed,
4,3,2024-05-30,completed,gift_card
663,128,2024-06-03,refunded,
211,56,2024-06-15,refunded,
197,49,2023-11-28,pending,debit_card
641,127,2024-06-27,completed,debit_card
779,147,2023-07-15,pending,paypal
639,127,2023-08-17,completed,paypal
27,7,2023-07-23,pending,
325,74,2024-04-09,pending,gift_card
574,117,2024-05-04,completed,debit_card
1102,198,2023-09-21,completed,
1180,209,2023-11-28,completed,paypal
1104,199,2023-09-07,pending,credit_card
62,15,2024-06-16,completed,paypal
479,102,2024-05-08,completed,
1077,194,2024-03-10,completed,debit_card
819,152,2023-09-08,pending,debit_card
340,78,2023-08-09,pending,credit_card
736,141,2024-05-18,completed,
737,141,2024-05-29,refunded,
390,86,2023-04-01,completed,credit_card
778,147,2023-08-07,refunded,debit_card
832,156,2024-03-05,completed,debit_card
1080,196,2023-05-08,completed,credit_card
490,105,2024-04-20,completed,
250,60,2023-05-30,completed,debit_card
534,111,2024-04-06,completed,gift_card
1081,196,2023-10-10,refunded,gift_card
9,3,2023-05-04,completed,gift_card
786,148,2024-06-07,completed,paypal
657,128,2024-06-22,completed,debit_card
1090,196,2023-09-07,refunded,credit_card
301,69,2024-05-16,cancelled,
1018,185,2023-12-03,completed,
1003,182,2023-02-18,completed,
128,29,2024-01-04,completed,paypal
75,17,2024-06-09,cancelled,gift_card
1076,193,2024-03-19,completed,
935,170,2024-05-10,completed,paypal
58,15,2024-06-25,refunded,gift_card
1073,193,2024-05-02,completed,paypal
89,20,2023-11-18,completed,debit_card
921,170,2024-04-15,completed,debit_card
298,68,2024-04-22,completed,
455,93,2024-06-23,cancelled,paypal
218,56,2024-03-09,refunded,paypal
649,128,2024-06-02,completed,
768,145,2024-06-14,cancelled,
1194,211,2023-02-13,completed,credit_card
345,78,2023-08-15,completed,gift_card
1128,202,2024-06-25,refunded,
1218,214,2024-05-25,cancelled,gift_card
415,88,,pending,
801,149,2023-11-09,pending,gift_card
452,93,2024-03-26,pending,credit_card
519,109,2023-11-23,cancelled,gift_card
1132,202,2024-05-05,completed,paypal
1089,196,2024-05-23,refunded,paypal
758,142,2024-02-09,completed,gift_card
411,88,2024-06-29,completed,
1222,215,2024-04-20,completed,debit_card
937,170,2024-05-04,completed,credit_card
267,62,2024-01-03,refunded,credit_card
7,3,2024-01-27,completed,
504,108,2024-02-15,cancelled,debit_card
123,28,2024-05-11,cancelled,
692,137,2024-06-06,completed,debit_card
139,32,2023-12-09,completed,gift_card
164,42,2023-04-28,completed,paypal
1223,215,2024-05-25,completed,credit_card
792,148,2024-05-12,completed,credit_card
1123,202,2024-06-13,refunded,gift_card
1126,202,2024-04-30,refunded,paypal
44,11,2023-11-20,cancelled,gift_card
826,155,2023-12-11,pending,debit_card
813,151,2023-12-21,completed,paypal
730,140,2023-08-11,cancelled,debit_card
320,73,2024-02-09,pending,
898,165,2023-10-14,completed,debit_card
864,161,2024-06-10,completed,credit_card
1236,215,2024-04-15,completed,paypal
295,68,2024-05-22,completed,
510,109,2024-06-23,pending,paypal
603,118,2024-05-25,completed,credit_card
1203,213,2024-03-21,completed,paypal
689,137,2023-12-20,refunded,gift_card
20,6,2024-06-09,completed,paypal
451,93,2023-06-17,completed,credit_card
1224,215,2024-05-16,refunded,
537,112,2023-11-28,refunded,gift_card
756,142,2024-04-21,pending,gift_card
755,142,2023-10-28,cancelled,
1103,199,2023-08-04,completed,credit_card
638,127,2024-02-05,completed,credit_card
793,148,2024-05-04,completed,
981,178,2023-11-21,pending,credit_card
138,32,2024-06-29,completed,
1113,201,2024-04-08,completed,paypal
1099,198,2024-01-14,completed,gift_card
570,116,2023-07-28,completed,gift_card
186,46,2023-12-28,pending,
1038,189,2024-04-10,pending,paypal
735,140,2024-06-26,completed,debit_card
1208,213,2023-12-18,completed,paypal
611,121,2024-02-29,completed,debit_card
642,127,2024-06-12,refunded,credit_card
505,108,2024-02-27,pending,credit_card
1198,213,2024-01-25,completed,paypal
834,157,2023-12-05,completed,
328,76,2024-05-08,refunded,credit_card
318,71,2023-04-23,completed,
906,167,2024-06-29,completed,gift_card
559,114,2024-03-22,completed,gift_card
579,117,2023-12-16,pending,credit_card
789,148,2024-05-22,completed,
861,161,2024-06-08,completed,paypal
480,102,2023-11-23,cancelled,debit_card
339,78,2024-06-17,completed,paypal
1084,196,2023-07-31,refunded,credit_card
1017,185,2023-09-05,completed,paypal
846,157,2024-05-24,pending,paypal
149,34,2024-04-04,cancelled,
1025,185,2024-03-27,refunded,credit_card
1174,208,2024-06-14,completed,gift_card
633,126,2024-01-28,completed,debit_card
1259,219,2023-10-18,completed,debit_card
247,60,2023-04-12,completed,gift_card
366,81,2023-09-10,pending,gift_card
612,121,2024-02-24,completed,
953,173,2024-06-25,completed,paypal
886,162,2024-04-05,completed,gift_card
880,162,2023-04-24,completed,
199,51,2023-09-04,completed,debit_card
634,126,2024-03-03,cancelled,gift_card
704,138,2024-05-17,completed,
233,57,2023-08-24,cancelled,debit_card
741,141,2024-06-17,cancelled,paypal
653,128,2024-06-15,refunded,debit_card
877,162,2023-03-30,pending,
563,115,2023-03-31,cancelled,
484,102,2024-02-28,completed,gift_card
159,41,2024-05-16,cancelled,credit_card
316,71,2023-05-19,cancelled,gift_card
257,60,2023-04-10,completed,debit_card
1047,190,2024-02-18,completed,gift_card
385,85,2023-08-25,refunded,debit_card
178,46,2024-03-10,completed,debit_card
268,62,2023-06-02,completed,credit_card
315,70,2024-05-14,completed,paypal
358,80,2024-05-24,completed,paypal
299,69,2024-04-08,pending,paypal
456,93,2023-06-25,cancelled,gift_card
957,175,2023-10-15,completed,paypal
1061,192,2024-04-13,completed,credit_card
160,41,2024-01-20,pending,credit_card
928,170,2024-06-30,completed,
361,80,2024-03-16,refunded,gift_card
203,54,2023-06-14,pending,paypal
1043,189,2023-04-09,completed,credit_card
113,26,2023-12-27,completed,credit_card
1199,213,2024-03-31,completed,paypal
308,70,2024-04-27,completed,
1158,206,2024-05-16,completed,
423,90,2024-02-25,completed,credit_card
913,167,2024-06-29,completed,debit_card
668,129,2024-02-14,cancelled,credit_card
460,93,2024-05-21,completed,
979,178,2024-01-23,completed,credit_card
650,128,2024-06-20,refunded,debit_card
450,93,2023-10-03,completed,
688,137,2024-04-20,completed,gift_card
81,18,2023-04-05,completed,credit_card
718,139,2023-11-06,refunded,paypal
216,56,2024-03-29,completed,
674,131,2024-02-15,pending,credit_card
31,9,2024-03-28,refunded,credit_card
243,60,2023-05-27,pending,debit_card
816,151,2024-03-07,pending,paypal
210,56,2024-05-13,refunded,
621,122,2024-03-23,refunded,debit_card
436,91,2024-03-21,refunded,paypal
1075,193,2023-08-13,refunded,debit_card
1264,220,2023-04-26,cancelled,gift_card
1159,207,2024-03-12,completed,
552,113,2024-03-24,cancelled,
545,113,2023-12-28,cancelled,paypal
1215,213,2024-06-16,completed,paypal
404,87,2024-02-11,refunded,debit_card
1258,219,2024-05-03,completed,debit_card
363,80,2023-12-12,completed,debit_card
272,63,2024-01-08,pending,credit_card
467,96,2024-05-25,completed,gift_card
1133,202,2024-06-21,completed,debit_card
838,157,2024-04-18,completed,gift_card
278,63,2023-12-22,completed,paypal
1131,202,2024-04-30,completed,paypal
1209,213,2024-01-06,cancelled,
678,134,2023-12-20,completed,paypal
753,142,2024-04-28,completed,debit_card
443,92,2023-11-25,completed,
300,69,2024-04-30,completed,
376,82,2024-06-07,completed,credit_card
719,139,2024-02-14,completed,debit_card
868,161,2024-06-14,completed,gift_card
661,128,2024-05-27,completed,credit_card
473,99,2023-04-14,completed,credit_card
665,128,2024-05-06,completed,
564,115,2023-04-08,refunded,
1152,206,2024-05-24,completed,paypal
389,86,2023-03-18,cancelled,gift_card
23,6,2024-06-28,completed,gift_card
587,117,2023-09-27,refunded,credit_card
986,181,2024-06-16,pending,
424,90,2023-04-16,cancelled,paypal
1141,204,2023-05-14,completed,paypal
802,150,2024-01-13,cancelled,debit_card
952,173,2024-06-28,completed,debit_card
766,145,2024-06-12,completed,paypal
143,33,2023-10-17,completed,credit_card
51,12,2023-07-01,completed,credit_card
751,142,2023-12-19,completed,
820,152,2023-09-08,completed,
82,19,2024-05-08,cancelled,debit_card
483,102,2024-06-22,pending,paypal
322,73,2024-06-16,completed,paypal
1057,192,2024-02-20,completed,gift_card
1016,185,2024-03-22,completed,gift_card
1212,213,2024-03-09,completed,
67,15,2024-05-09,completed,
1122,202,2024-05-07,completed,gift_card
1039,189,2024-02-15,completed,debit_card
831,156,2024-02-06,pending,
418,88,2024-06-29,completed,
800,148,2024-04-10,cancelled,
65,15,2024-05-06,refunded,gift_card
1024,185,2023-12-28,completed,paypal
1015,185,2024-01-13,completed,
120,27,2023-09-17,completed,debit_card
492,105,2024-01-13,completed,paypal
790,148,2024-06-14,refunded,credit_card
954,174,2024-03-26,completed,gift_card
66,15,2024-05-15,completed,
1147,206,2024-03-23,cancelled,paypal
643,127,2023-11-12,completed,
1064,193,2023-11-08,refunded,paypal
297,68,2024-06-20,cancelled,debit_card
592,118,2024-02-20,cancelled,
420,88,2024-06-29,cancelled,
439,92,2024-01-29,pending,debit_card
262,62,2023-05-12,completed,
783,148,2024-02-24,cancelled,paypal
282,65,2023-11-10,completed,paypal
627,123,2023-11-28,pending,credit_card
714,138,2024-05-29,completed,paypal
1006,183,2024-02-29,completed,debit_card
189,46,2024-03-25,completed,
1009,183,2024-04-08,refunded,
252,60,2024-03-26,completed,
844,157,2023-11-14,completed,credit_card
738,141,2024-04-15,completed,credit_card
784,148,2024-02-16,completed,debit_card
515,109,2024-05-29,completed,credit_card
883,162,2023-07-17,pending,credit_card
488,105,2023-12-24,completed,debit_card
274,63,2024-01-29,completed,credit_card
1053,191,2023-05-20,completed,gift_card
1145,205,2023-12-31,completed,debit_card
449,93,2024-02-22,completed,debit_card
412,88,2024-06-28,pending,paypal
961,176,2023-12-21,completed,gift_card
914,168,2023-11-24,completed,gift_card
1107,200,2023-06-10,completed,debit_card
1050,190,2023-06-16,refunded,gift_card
150,34,2024-03-13,refunded,paypal
658,128,2024-06-28,pending,paypal
219,56,2024-06-19,pending,
240,58,2024-05-21,pending,debit_card
811,151,2023-12-25,completed,
193,46,2023-11-23,completed,paypal
192,46,2024-03-22,completed,gift_card
701,138,2024-06-24,refunded,gift_card
1052,190,2023-04-10,completed,credit_card
681,135,2023-09-27,completed,credit_card
645,127,2024-03-28,completed,
796,148,2024-05-11,refunded,gift_card
798,148,2024-05-30,completed,paypal
17,6,2024-06-07,pending,paypal
799,148,2024-02-06,pending,credit_card
583,117,2023-08-09,completed,paypal
795,148,2024-04-26,completed,debit_card
628,124,2024-03-03,pending,
1181,209,2024-06-10,completed,credit_card
324,73,2023-10-31,completed,debit_card
1036,189,2023-04-07,completed,credit_card
632,126,2024-06-24,cancelled,credit_card
968,176,2024-05-07,completed,credit_card
743,141,2024-05-23,cancelled,
438,91,2024-05-21,pending,debit_card
871,161,2024-06-22,completed,gift_card
946,171,2024-06-09,cancelled,debit_card
342,78,2024-05-30,cancelled,gift_card
3,2,2023-10-11,cancelled,debit_card
230,57,2023-11-13,completed,paypal
984,180,2023-04-27,completed,credit_card
1228,215,2024-05-04,completed,paypal
77,17,2024-01-22,completed,gift_card
1231,215,2024-04-25,completed,gift_card
372,82,2023-12-16,refunded,credit_card
181,46,2023-11-29,cancelled,paypal
1144,205,2023-12-12,refunded,credit_card
578,117,2023-11-02,cancelled,debit_card
829,156,2024-02-23,pending,paypal
856,160,2023-07-20,completed,debit_card
1091,197,2023-12-26,completed,gift_card
1082,196,2024-06-06,completed,debit_card
732,140,2023-10-11,refunded,
590,117,2023-10-17,completed,paypal
873,162,2023-12-21,refunded,paypal
923,170,2024-04-24,pending,gift_card
312,70,2024-06-15,completed,gift_card
1074,193,2024-03-03,refunded,paypal
1161,208,2023-11-27,pending,
38,11,2023-12-31,completed,credit_card
354,78,2024-05-12,completed,debit_card
1168,208,2023-08-09,completed,debit_card
237,58,2024-02-06,refunded,credit_card
1079,195,2023-09-19,refunded,
1046,190,2023-08-22,completed,gift_card
500,106,2023-12-07,completed,credit_card
554,113,2024-04-02,completed,
56,14,2023-10-01,cancelled,
303,70,2024-05-21,completed,
287,68,2024-02-28,completed,gift_card
907,167,2024-06-29,completed,gift_card
220,56,2024-03-23,completed,gift_card
791,148,2024-02-22,completed,debit_card
388,85,2023-09-12,pending,gift_card
830,156,2023-12-14,pending,
391,86,2023-03-04,pending,credit_card
353,78,2024-05-17,refunded,debit_card
194,47,2023-08-16,refunded,paypal
236,58,2024-03-21,pending,gift_card
1078,194,2024-02-25,completed,paypal
695,137,2023-12-24,completed,debit_card
481,102,2024-05-12,cancelled,credit_card
568,116,2024-06-23,refunded,credit_card
117,26,2024-05-13,completed,credit_card
985,181,2024-03-02,completed,paypal
654,128,2024-05-13,completed,
1063,192,2023-04-30,completed,gift_card
1179,209,2024-02-26,pending,credit_card
863,161,2024-05-27,completed,credit_card
878,162,2024-04-23,completed,paypal
121,27,2023-08-25,completed,credit_card
926,170,2024-05-23,completed,paypal
1088,196,2023-02-24,cancelled,debit_card
962,176,2024-04-04,completed,gift_card
63,15,2024-06-18,pending,
752,142,2023-09-16,refunded,gift_card
454,93,2023-04-16,completed,
516,109,2024-05-08,completed,paypal
571,116,2024-06-20,completed,
224,56,2024-05-29,cancelled,paypal
614,122,2024-04-17,cancelled,gift_card
222,56,2024-03-19,refunded,paypal
759,142,2023-12-25,pending,
994,181,2024-04-18,completed,
466,96,2024-06-06,completed,debit_card
53,12,2024-02-13,cancelled,gift_card
1166,208,2023-03-19,refunded,debit_card
486,104,2024-06-26,completed,credit_card
1250,218,2024-06-04,completed,
387,85,2023-10-07,cancelled,credit_card
156,39,2024-06-28,refunded,
1109,201,2024-01-28,cancelled,paypal
601,118,2024-02-05,cancelled,paypal
998,181,2024-06-21,completed,debit_card
249,60,2023-05-19,completed,
442,92,2024-05-26,refunded,credit_card
1191,211,2023-09-17,completed,gift_card
1169,208,2024-06-05,pending,
543,113,2023-10-29,cancelled,credit_card
702,138,2024-04-18,pending,credit_card
118,27,2023-09-27,completed,debit_card
817,151,2024-04-25,completed,debit_card
629,125,2023-12-07,cancelled,credit_card
867,161,2024-06-10,pending,credit_card
207,56,2024-05-09,cancelled,gift_card
292,68,2024-04-15,completed,debit_card
1111,201,2024-02-04,completed,
382,84,2024-06-12,pending,
1048,190,2023-04-23,pending,debit_card
922,170,2024-05-18,completed,debit_card
201,53,2023-03-12,completed,debit_card
597,118,2023-12-28,refunded,
1072,193,2024-02-26,refunded,paypal
1211,213,2024-03-26,cancelled,paypal
1091,197,2023-12-26,completed,gift_card
1237,215,2024-06-23,pending,paypal
770,146,2024-01-28,completed,credit_card
1178,209,2023-09-12,pending,credit_card
506,108,2023-11-28,refunded,debit_card
349,78,2024-02-03,cancelled,
1172,208,2023-10-27,completed,paypal
76,17,2024-03-23,completed,credit_card
341,78,2023-08-07,completed,debit_card
616,122,2024-01-06,completed,credit_card
155,38,2024-01-27,cancelled,gift_card
1255,219,2023-10-13,refunded,
975,178,2024-06-11,completed,debit_card
78,18,2023-03-28,refunded,paypal
288,68,2024-03-23,completed,credit_card
323,73,2024-04-24,completed,debit_card
930,170,2024-04-25,pending,gift_card
929,170,2024-04-11,completed,
902,167,2024-06-29,refunded,gift_card
1153,206,2024-01-19,completed,debit_card
83,19,2024-05-19,refunded,paypal
896,164,2024-06-22,completed,paypal
465,96,2024-01-10,completed,paypal
903,167,2024-06-30,completed,credit_card
1243,218,2024-06-16,pending,credit_card
1246,218,2024-06-11,completed,debit_card
872,162,2023-07-15,completed,gift_card
334,77,2023-05-06,completed,gift_card
11,4,2023-05-26,completed,credit_card
739,141,2024-04-27,completed,credit_card
471,97,2023-11-05,refunded,credit_card
33,9,2024-02-04,pending,gift_card
884,162,2023-09-10,completed,
414,88,2024-06-29,completed,paypal
581,117,2024-01-05,completed,
383,84,2024-05-21,completed,gift_card
794,148,2024-05-04,completed,
1146,206,2024-05-04,pending,gift_card
858,161,2024-06-21,pending,paypal
1207,213,2024-01-26,cancelled,credit_card
947,172,2023-11-01,cancelled,debit_card
1213,213,2023-12-22,completed,gift_card
379,82,2024-03-15,completed,gift_card
90,20,2024-03-22,refunded,gift_card
1116,201,2024-04-12,cancelled,gift_card
602,118,2024-02-27,completed,debit_card
214,56,2024-03-21,completed,gift_card
333,77,2023-05-11,completed,paypal
134,31,2024-05-23,refunded,
347,78,2023-11-24,refunded,debit_card
973,177,2024-05-14,completed,
8,3,2024-04-07,completed,gift_card
978,178,2024-04-07,refunded,gift_card
321,73,2024-05-11,pending,credit_card
1114,201,2024-03-17,refunded,paypal
188,46,2023-12-08,refunded,gift_card
635,126,2024-05-10,refunded,credit_card
553,113,2023-09-02,completed,debit_card
305,70,2024-06-08,completed,debit_card
32,9,2023-12-04,completed,paypal
1051,190,2024-06-23,refunded,debit_card
685,137,2024-06-20,completed,credit_card
797,148,2024-06-26,completed,gift_card
1252,219,2023-10-15,completed,credit_card
241,59,2024-04-12,pending,gift_card
68,15,2024-05-02,pending,debit_card
175,45,2024-06-08,refunded,debit_card
767,145,2024-06-22,refunded,debit_card
1245,218,2024-06-05,pending,gift_card
246,60,2024-01-04,completed,
57,15,2024-06-30,completed,debit_card
631,126,2024-01-31,cancelled,debit_card
584,117,2024-06-03,completed,paypal
1094,198,2024-02-22,refunded,credit_card
146,34,2024-04-09,completed,gift_card
91,20,2024-03-26,pending,gift_card
1187,210,2023-05-05,refunded,gift_card
393,87,2023-12-04,cancelled,gift_card
1035,189,2024-02-29,refunded,paypal
683,137,2024-02-09,cancelled,gift_card
311,70,2024-05-06,refunded,credit_card
360,80,2023-11-22,completed,
94,20,2024-01-10,completed,gift_card
956,175,2023-10-06,cancelled,paypal
1129,202,2024-05-15,pending,credit_card
1263,220,2023-04-29,completed,credit_card
377,82,2024-01-25,completed,debit_card
244,60,2023-07-13,completed,debit_card
1149,206,2023-12-09,completed,gift_card
88,20,2023-09-25,completed,credit_card
215,56,2024-06-25,completed,credit_card
445,92,2023-11-20,completed,
857,161,2024-06-17,completed,debit_card
174,45,2024-06-29,completed,gift_card
854,159,2024-06-14,cancelled,gift_card
1232,215,2024-05-28,pending,debit_card
426,90,2024-02-02,refunded,
1110,201,2023-08-27,completed,paypal
119,27,2023-10-14,cancelled,
120,27,2023-09-17,completed,debit_card
1257,219,2024-01-16,completed,credit_card
999,181,2024-04-13,completed,
1,1,2023-04-30,completed,credit_card
395,87,2024-04-16,refunded,gift_card
402,87,2023-11-10,refunded,
405,87,2023-10-24,cancelled,
949,172,2023-10-22,completed,
965,176,2023-07-24,completed,credit_card
163,41,2023-12-29,completed,
833,157,2024-05-23,completed,debit_card
115,26,2023-11-18,completed,
671,130,2023-09-16,completed,gift_card
151,34,2024-06-08,cancelled,credit_card
1265,220,2023-05-23,refunded,debit_card
888,163,2024-06-27,completed,
562,115,2023-05-06,completed,gift_card
369,81,2023-10-26,pending,
544,113,2023-10-03,cancelled,credit_card
890,163,2024-05-23,completed,
478,102,2024-02-18,refunded,credit_card
1202,213,2024-04-10,cancelled,debit_card
533,111,2023-12-18,completed,gift_card
626,123,2024-01-29,cancelled,credit_card
693,137,2024-06-25,completed,paypal
513,109,2023-11-12,completed,gift_card
908,167,2024-06-28,cancelled,credit_card
862,161,2024-06-23,pending,
73,17,2024-03-27,completed,debit_card
1119,201,2024-05-04,completed,
808,150,2023-12-10,completed,
259,61,2023-09-10,completed,debit_card
625,123,2023-12-23,completed,paypal
827,155,2023-12-18,pending,debit_card
235,58,2024-02-02,completed,paypal
136,32,2024-05-08,completed,paypal
617,122,2023-09-19,refunded,debit_card
517,109,2024-02-09,completed,gift_card
996,181,2024-03-19,completed,paypal
837,157,2023-10-08,completed,credit_card
843,157,2024-06-24,completed,
803,150,2024-06-20,completed,gift_card
852,159,2024-05-08,refunded,gift_card
810,150,2024-01-07,refunded,debit_card
593,118,2024-03-06,completed,credit_card
1127,202,2024-04-28,completed,debit_card
502,107,2023-07-01,pending,
539,112,2023-06-17,completed,paypal
1026,185,2024-01-18,completed,credit_card
729,140,2023-12-12,completed,
582,117,2024-03-24,cancelled,paypal
344,78,2024-02-15,completed,paypal
1042,189,2023-09-12,cancelled,gift_card
964,176,2023-05-12,completed,gift_card
294,68,2024-06-07,completed,
365,80,2024-03-27,refunded,
972,177,2024-02-14,cancelled,paypal
660,128,2024-05-06,completed,
15,6,2024-06-21,refunded,
687,137,2024-03-28,completed,paypal
87,20,2024-04-02,completed,debit_card
371,81,,completed,gift_card
166,44,2023-10-18,refunded,credit_card
132,30,2024-03-17,refunded,
336,77,2023-06-05,completed,paypal
60,15,2024-06-30,refunded,credit_card
710,138,2024-06-09,completed,
1011,183,2024-02-22,completed,
677,133,2024-03-11,completed,
355,78,2023-08-31,completed,paypal
781,147,2024-06-01,completed,credit_card
425,90,2023-08-19,completed,gift_card
293,68,2024-04-23,refunded,debit_card
42,11,2023-12-12,refunded,gift_card
1130,202,2024-04-26,cancelled,gift_card
330,76,2024-06-03,pending,gift_card
615,122,2023-08-07,completed,gift_card
430,90,2023-09-18,completed,
80,18,2023-03-14,completed,gift_card
694,137,2024-06-21,cancelled,paypal
29,9,2024-06-10,completed,credit_card
938,171,2024-06-07,completed,gift_card
708,138,2024-06-21,completed,
893,164,2024-06-28,completed,debit_card
919,169,2024-06-13,completed,gift_card
835,157,2024-05-18,pending,paypal
1021,185,2023-10-22,completed,gift_card
891,163,2024-05-03,completed,credit_card
255,60,2023-11-17,completed,
161,41,2024-03-12,cancelled,
459,93,2023-04-29,completed,gift_card
1240,217,2023-10-07,completed,paypal
384,84,2024-05-15,completed,debit_card
314,70,2024-04-25,completed,debit_card
85,19,2024-03-03,completed,
575,117,2024-04-28,completed,paypal
763,145,2024-06-09,completed,gift_card
137,32,2024-04-05,refunded,gift_card
112,25,2023-10-09,completed,debit_card
195,47,2023-09-09,completed,credit_card
853,159,2024-05-11,completed,debit_card
179,46,2024-04-20,cancelled,gift_card
556,113,2023-11-15,pending,
724,140,2023-08-03,completed,
860,161,2024-06-19,completed,credit_card
970,177,2024-01-30,completed,gift_card
497,106,2023-12-09,completed,
951,173,2024-05-11,completed,gift_card
1115,201,2023-11-28,completed,gift_card
806,150,2024-03-12,refunded,
130,29,2024-01-09,refunded,debit_card
716,138,2024-06-29,completed,debit_card
338,78,2023-03-14,cancelled,paypal
572,116,2024-02-26,completed,debit_card
609,121,2024-03-03,completed,
125,28,2024-04-22,refunded,
196,48,2024-06-30,completed,credit_card
227,57,2023-08-09,pending,paypal
690,137,2024-03-20,completed,debit_card
269,62,2023-11-28,pending,credit_card
153,36,2023-04-25,completed,paypal
910,167,2024-06-28,cancelled,
585,117,2024-01-13,refunded,debit_card
1029,186,2024-06-15,completed,paypal
104,23,2023-06-07,completed,debit_card
987,181,2024-05-08,completed,
594,118,2023-11-22,cancelled,credit_card
1170,208,2024-02-16,completed,
1183,209,2024-03-04,refunded,debit_card
787,148,2024-06-01,pending,gift_card
971,177,2024-06-08,completed,
720,139,2023-07-25,pending,debit_card
885,162,2024-05-05,completed,credit_card
777,147,2023-10-17,refunded,debit_card
1027,186,2024-04-22,completed,paypal
850,159,2024-05-17,refunded,paypal
895,164,2024-06-29,completed,paypal
228,57,2024-03-15,cancelled,gift_card
1193,211,2023-12-04,pending,paypal
302,70,2024-05-15,completed,credit_card
855,159,2024-06-24,completed,debit_card
1000,181,2024-04-15,pending,debit_card
276,63,2024-03-19,completed,paypal
127,28,2024-02-19,completed,debit_card
406,87,2023-09-04,completed,credit_card
776,147,2023-06-19,completed,paypal
822,154,2024-06-30,pending,gift_card
712,138,2024-05-21,completed,paypal
766,145,,completed,paypal
684,137,2024-05-06,pending,gift_card
750,141,2024-06-28,completed,gift_card
1196,212,2024-03-07,completed,credit_card
37,11,2024-04-18,completed,debit_card
140,32,2024-02-28,completed,gift_card
304,70,2024-06-03,completed,credit_card
268,62,2023-06-02,completed,credit_card
546,113,2024-05-06,cancelled,debit_card
213,56,2024-04-17,completed,gift_card
897,165,2023-09-20,cancelled,paypal
917,169,2024-06-14,completed,paypal
676,133,2024-03-05,cancelled,credit_card
815,151,2024-01-19,completed,debit_card
343,78,2024-01-03,completed,debit_card
550,113,2024-04-15,completed,
967,176,2023-04-10,completed,debit_card
296,68,2024-05-12,cancelled,paypal
696,137,2024-02-12,pending,
74,17,2024-02-10,pending,gift_card
606,118,2023-11-26,completed,paypal
105,23,2023-07-21,completed,
646,127,2023-07-20,completed,gift_card
1244,218,2024-05-17,completed,gift_card
1041,189,2023-11-19,completed,debit_card
440,92,2024-04-25,completed,debit_card
1020,185,2023-09-20,refunded,gift_card
92,20,2023-08-12,pending,debit_card
1106,199,2023-07-29,cancelled,debit_card
909,167,2024-06-29,completed,credit_card
103,22,2023-08-30,cancelled,credit_card
239,58,2024-05-06,pending,paypal
943,171,2024-05-11,completed,credit_card
939,171,2024-05-31,completed,gift_card
6,3,2023-12-03,refunded,debit_card
1219,214,2024-06-04,cancelled,credit_card
966,176,2024-04-18,completed,gift_card
19,6,2024-06-05,completed,debit_card
122,28,2024-06-25,completed,debit_card
662,128,2024-06-23,cancelled,gift_card
1066,193,2024-02-14,completed,debit_card
275,63,2023-12-25,cancelled,gift_card
434,91,2024-06-15,refunded,
812,151,2024-03-12,completed,credit_card
1184,209,2023-11-02,completed,paypal
1197,212,2024-02-08,refunded,credit_card
182,46,2024-05-28,completed,debit_card
185,46,2024-04-15,pending,debit_card
407,87,2024-03-11,pending,paypal
866,161,2024-06-29,completed,debit_card
521,110,2024-02-23,completed,credit_card
1004,183,2024-02-26,completed,credit_card
381,84,2024-05-16,pending,paypal
428,90,2023-04-24,completed,gift_card
79,18,2023-04-08,completed,credit_card
1010,183,2024-04-28,cancelled,credit_card
1251,219,2024-06-16,completed,
608,120,2023-04-19,completed,paypal
1124,202,2024-05-27,completed,gift_card
1154,206,2024-04-05,pending,paypal
1058,192,2024-05-14,completed,paypal
1112,201,2023-09-05,completed,gift_card
959,176,2024-02-19,completed,debit_card
560,114,2024-03-22,completed,debit_card
847,157,2024-01-05,cancelled,debit_card
691,137,,pending,debit_card
1230,215,2024-05-07,completed,paypal
1182,209,2024-02-04,completed,
437,91,2024-03-06,completed,debit_card
491,105,2024-06-07,completed,debit_card
775,147,2024-06-21,cancelled,
1163,208,2023-07-08,cancelled,credit_card
70,15,2024-05-05,completed,gift_card
809,150,2024-02-13,completed,gift_card
12,4,2023-04-28,completed,debit_card
145,33,2023-10-16,completed,gift_card
918,169,2024-06-02,completed,
640,127,2024-05-28,pending,debit_card
177,46,2023-11-14,completed,paypal
995,181,2024-04-29,completed,gift_card
441,92,2024-06-11,completed,debit_card
522,110,2023-06-13,completed,gift_card
1256,219,2023-12-03,completed,debit_card
1005,183,2024-06-10,completed,debit_card
144,33,2023-11-03,completed,debit_card
754,142,2023-11-10,completed,debit_card
520,110,2023-03-19,cancelled,credit_card
823,154,2024-06-22,completed,paypal
429,90,2024-03-27,completed,
613,122,2024-04-12,pending,debit_card
1033,187,2023-12-16,refunded,
157,40,2023-03-12,refunded,credit_card
540,112,2023-08-20,completed,credit_card
462,94,2024-06-19,completed,gift_card
577,117,2024-02-27,completed,debit_card
256,60,2023-05-13,completed,
980,178,2024-04-02,cancelled,paypal
1007,183,2024-02-21,completed,
561,115,2023-03-22,cancelled,gift_card
209,56,2024-06-03,refunded,gift_card
911,167,2024-06-29,completed,paypal
2,2,2023-11-05,refunded,gift_card
270,62,2024-06-27,completed,paypal
266,62,2024-03-23,completed,credit_card
915,168,2023-12-28,refunded,
231,57,2023-09-23,pending,paypal
1254,219,2024-02-04,refunded,gift_card
1120,201,2024-03-04,completed,credit_card
1249,218,2024-06-30,cancelled,gift_card
865,161,2024-06-20,completed,debit_card
1067,193,2024-05-30,completed,gift_card
874,162,2024-06-26,completed,debit_card
1134,203,2023-06-22,completed,
399,87,2023-03-17,cancelled,gift_card
1157,206,2024-04-22,completed,debit_card
46,11,2024-02-13,completed,
162,41,2024-04-29,completed,debit_card
992,181,2024-03-27,completed,paypal
728,140,2023-10-16,pending,debit_card
630,126,2023-09-23,cancelled,debit_card
289,68,2024-03-13,cancelled,
1060,192,2023-12-11,completed,paypal
1238,215,2024-04-17,completed,debit_card
576,117,2023-09-10,cancelled,gift_card
851,159,2024-06-07,completed,debit_card
912,167,2024-06-29,pending,paypal
1150,206,2024-03-17,completed,
933,170,2024-05-14,completed,paypal
1101,198,2023-10-14,completed,credit_card
248,60,2023-08-14,completed,debit_card
477,101,2023-05-01,cancelled,
86,19,2024-01-16,completed,credit_card
470,96,2023-12-02,cancelled,gift_card
226,57,2023-10-02,completed,gift_card
775,147,2024-06-21,cancelled,
332,76,2024-04-10,pending,debit_card
234,58,2024-06-12,completed,
589,117,2023-08-23,completed,paypal
476,101,2023-05-11,pending,paypal
600,118,2024-02-12,completed,
422,89,2023-04-06,refunded,paypal
183,46,2024-01-17,refunded,credit_card
989,181,2024-03-06,pending,
1001,182,2023-02-04,completed,paypal
50,12,2023-12-23,cancelled,
1189,211,2023-07-25,completed,gift_card
1030,186,2024-04-04,pending,debit_card
530,111,,refunded,
487,105,2024-06-18,cancelled,debit_card
498,106,2024-05-21,completed,paypal
107,23,2024-06-18,cancelled,debit_card
444,92,2024-03-14,cancelled,credit_card
647,128,2024-06-13,completed,gift_card
1037,189,2023-09-23,completed,
727,140,2024-06-20,completed,paypal
191,46,2024-06-03,completed,debit_card
283,65,2023-10-23,completed,gift_card
30,9,2023-11-30,completed,paypal
170,45,2024-06-27,completed,gift_card
1002,182,2023-03-12,completed,debit_card
101,22,2023-08-28,refunded,gift_card
198,50,2024-01-11,cancelled,paypal
496,106,2023-08-20,completed,gift_card
648,128,2024-05-13,cancelled,credit_card
988,181,2024-03-12,completed,paypal
45,11,2024-06-03,pending,debit_card
711,138,2024-04-26,completed,paypal
374,82,2023-11-22,cancelled,paypal
679,134,2023-12-11,cancelled,paypal
567,116,2023-08-15,completed,credit_card
848,158,2024-05-01,refunded,
461,93,2024-06-28,cancelled,
1156,206,2024-04-14,refunded,paypal
40,11,2023-12-07,refunded,
435,91,2024-03-06,completed,credit_card
974,178,2024-04-26,refunded,debit_card
1008,183,2024-02-02,pending,
457,93,2023-05-07,completed,gift_card
261,62,2023-08-19,refunded,gift_card
36,10,2023-07-23,completed,credit_card
828,156,2023-11-28,completed,debit_card
310,70,2024-05-04,pending,debit_card
277,63,2024-03-02,pending,debit_card
637,127,2023-12-05,completed,debit_card
655,128,2024-05-05,refunded,credit_card
623,123,2023-12-06,refunded,
845,157,2024-03-11,refunded,
394,87,2023-08-14,completed,debit_card
108,23,2023-04-07,refunded,
350,78,2023-10-26,refunded,debit_card
525,110,2023-04-25,pending,paypal
785,148,2024-06-01,cancelled,credit_card
48,11,2024-01-19,pending,debit_card
204,54,2023-05-21,cancelled,
22,6,2024-06-17,completed,gift_card
403,87,2024-02-21,completed,debit_card
1108,201,2023-05-21,cancelled,debit_card
1155,206,2024-04-30,completed,paypal
990,181,2024-05-12,pending,
742,141,2024-03-24,pending,paypal
1148,206,2024-01-13,completed,paypal
34,9,2024-02-25,completed,paypal
788,148,2024-03-10,pending,debit_card
924,170,2024-05-15,completed,credit_card
1044,189,2023-08-25,completed,
1226,215,2024-06-13,refunded,
580,117,2023-07-15,refunded,gift_card
482,102,2024-03-17,completed,credit_card
932,170,2024-06-17,completed,gift_card
357,79,2023-06-20,pending,gift_card
760,142,2024-03-04,refunded,gift_card
93,20,2023-11-30,completed,gift_card
1176,208,2024-03-25,pending,credit_card
804,150,2024-04-24,pending,debit_card
746,141,2024-06-20,refunded,paypal
280,64,2024-01-14,pending,gift_card
765,145,2024-06-12,refunded,gift_card
605,118,2024-04-20,cancelled,paypal
1261,219,2023-10-17,cancelled,credit_card
401,87,2023-07-11,completed,debit_card
258,60,2023-07-31,refunded,
945,171,2024-05-06,completed,credit_card
1097,198,2024-01-09,completed,
1220,215,2024-05-31,completed,credit_card
1162,208,2024-04-06,cancelled,gift_card
495,106,2023-11-19,completed,paypal
773,147,2024-03-02,completed,paypal
551,113,2023-10-02,pending,debit_card
202,54,2023-07-08,refunded,paypal
313,70,2024-05-21,completed,gift_card
291,68,2024-03-04,completed,
1214,213,2024-01-23,refunded,gift_card
764,145,2024-06-18,cancelled,gift_card
1137,204,2023-05-01,completed,debit_card
950,173,2024-06-08,refunded,credit_card
184,46,2024-02-07,completed,
1177,209,2023-11-01,pending,credit_card
1069,193,2024-04-27,pending,debit_card
1031,186,2024-05-11,completed,credit_card
251,60,2024-02-21,completed,paypal
824,154,2024-06-24,completed,credit_card
1100,198,2023-03-25,completed,gift_card
941,171,2024-05-06,pending,
392,86,2023-05-03,completed,debit_card
1093,198,2023-05-05,cancelled,paypal
1192,211,2023-10-24,cancelled,
905,167,2024-06-30,pending,paypal
731,140,2024-01-17,completed,
555,113,2024-02-19,pending,
367,81,2024-06-24,completed,paypal
346,78,2024-05-15,completed,paypal
536,112,2023-05-23,cancelled,debit_card
1210,213,2023-12-27,completed,debit_card
920,170,2024-06-07,completed,paypal
212,56,2024-04-15,completed,credit_card
503,107,2023-06-20,pending,debit_card
538,112,2024-04-06,completed,credit_card
1221,215,2024-06-12,completed,gift_card
176,46,2024-04-14,completed,
