payment_id,order_id,amount,payment_date
1,705,229.41,2024-06-10
2,526,1982.71,2024-01-25
3,52,876.09,2023-05-22
4,217,127.48,2024-05-03
5,35,-1025.07,2023-07-19
6,904,686.67,2024-06-28
7,876,1578.16,2023-04-26
8,927,732.12,2024-04-12
9,1059,-411.48,2023-07-28
10,1045,2448.25,2023-12-12
11,807,1175.72,2024-04-07
12,761,396.61,2023-12-06
13,64,768.57,2024-05-01
14,667,-1106.46,2024-01-03
15,922,,2024-05-18
16,1139,-189.51,2023-10-26
17,129,662.13,2023-12-22
18,281,2466.77,2023-12-08
19,644,1152.78,2023-05-24
20,1229,1395.55,2024-06-02
21,725,1698.83,2024-01-31
22,1013,643.53,2023-11-04
23,111,444.31,2023-09-11
24,780,355.9,2023-06-20
25,703,,2024-04-09
26,976,312.64,2023-09-06
27,1022,319.19,2023-10-24
28,673,1345.92,2023-08-19
29,1019,1048.49,2023-10-06
30,595,928.16,2024-05-28
31,205,-949.69,2023-06-07
32,622,683.38,2024-05-23
33,187,788.97,2023-11-10
34,410,417.3,2024-06-30
35,409,-2087.98,2024-06-28
36,669,1949.94,2024-02-12
37,548,401.41,2023-11-27
38,453,256.18,2023-11-26
39,726,355.9,2023-11-02
40,887,1540.81,2024-04-05
41,238,1231.69,2024-01-18
42,400,-1172.5,2023-09-07
43,1200,1009.13,2024-04-07
44,114,1563.04,2024-06-23
45,825,546.65,2024-06-16
46,448,1099.83,2023-09-06
47,501,-1094.55,2024-01-03
48,99,450.64,2024-05-18
49,352,1715.19,2023-11-14
50,1190,347.32,2023-03-30
51,263,-417.3,2024-03-27
52,1083,617.93,2024-01-06
53,446,1808.69,2024-05-16
54,618,-782.65,2023-08-05
55,329,1526.49,2024-05-18
56,969,1789.21,2024-06-19
57,1225,1112.17,2024-05-22
58,1160,-1553.15,2024-02-28
59,386,921.67,2023-09-26
60,1234,-1445.61,2024-04-24
61,1014,2173.98,2024-05-09
62,458,-1159.04,2024-02-07
63,1092,1063.27,2024-02-22
64,69,29.34,2024-06-01
65,744,683.38,2024-05-22
66,686,-1504.62,2024-05-14
67,1260,-616.77,2024-06-25
68,598,2668.59,2023-11-18
69,514,510.98,2024-03-22
70,152,698.79,2024-06-09
71,309,1138.13,2024-05-11
72,882,1032.32,2023-11-12
73,433,1279.06,2024-04-05
74,518,588.77,2024-02-14
75,549,,2023-12-16
76,699,,2024-02-01
77,1071,486.93,2024-01-21
78,221,1377.15,2024-04-22
79,28,1568.04,2024-03-07
80,588,-272.44,2024-01-27
81,190,156.32,2023-11-22
82,619,-1431.9,2023-11-24
83,417,1407.85,2024-06-30
84,745,89.93,2024-04-27
85,955,1102.77,2023-09-29
86,147,1093.37,2024-06-12
87,1142,579.93,2024-04-27
88,664,-58.68,2024-05-02
89,1117,744.53,2023-06-12
90,359,-95.76,2024-01-14
91,47,622.26,2024-01-06
92,142,1543.89,2023-12-17
93,977,-258.01,2023-11-16
94,102,-499.61,2023-09-01
95,180,1307.6,2024-05-04
96,782,1616.72,2024-02-08
97,110,94.16,2023-08-14
98,427,1139.73,2024-03-03
99,697,1924.88,2024-01-25
100,523,315.58,2023-04-04
101,317,280.0,2023-04-21
102,879,1803.64,2024-04-10
103,1136,1318.61,2023-11-19
104,680,1363.43,2024-01-29
105,494,142.21,2024-05-04
106,229,143.64,2023-12-09
107,1195,701.28,2024-03-09
108,512,1532.49,2023-12-27
109,337,293.84,2023-04-17
110,1248,1735.94,2024-05-30
111,254,847.32,2024-01-11
112,721,708.29,2024-03-07
113,682,942.76,2023-02-11
114,700,730.72,2024-06-06
115,529,47.58,2023-12-11
116,398,571.68,2024-01-24
117,818,,2023-09-03
118,61,1111.01,2024-06-21
119,1175,207.42,2023-07-22
120,747,1516.9,2024-06-03
121,1204,1311.35,2024-01-04
122,171,1809.8,2024-06-17
123,722,1745.05,2023-08-17
124,572,159.44,
125,1055,-921.31,2024-01-10
126,675,-1396.29,2023-10-14
127,286,1304.63,2024-04-30
128,1242,1121.51,2024-06-20
129,839,884.52,2024-02-06
130,10,1736.61,2024-01-15
131,769,710.37,2023-12-04
132,54,167.18,2024-02-18
133,242,884.97,2023-10-26
134,1054,579.36,2024-01-20
135,474,320.93,2024-06-06
136,373,29.34,2023-12-08
137,41,760.36,2023-10-15
138,748,674.46,2024-06-15
139,1096,453.18,2024-06-23
140,841,-782.63,2023-09-02
141,84,716.64,2023-11-02
142,1217,-1113.07,2024-05-18
143,936,1101.45,2024-04-24
144,1143,-193.9,2023-12-17
145,859,-1647.11,2024-05-31
146,447,1094.85,2023-10-09
147,1012,,2024-05-25
148,208,1597.0,2024-03-22
149,586,1149.37,2023-06-14
150,901,525.98,2024-05-14
151,894,-895.72,2024-06-23
152,97,193.9,2024-05-03
153,772,922.76,2024-01-04
154,307,1083.28,2024-05-15
155,569,774.03,2024-04-14
156,126,-2013.01,2024-06-28
157,717,1394.57,2023-11-07
158,55,1759.13,2024-01-08
159,408,972.3,2024-06-27
160,124,186.3,2024-05-31
161,370,255.49,2024-05-21
162,1138,445.75,2023-10-31
163,1151,1375.38,2024-05-16
164,98,1644.36,2024-06-27
165,1216,-988.29,2024-05-19
166,1239,758.09,2023-07-05
167,840,1462.63,2023-07-03
168,836,268.86,2024-05-15
169,591,2989.25,2024-04-11
170,707,-1474.49,2024-04-09
171,362,468.8,2024-02-14
172,13,-429.02,2023-02-04
173,364,724.2,2024-01-10
174,715,1455.41,2024-04-05
175,557,860.67,2024-05-14
176,49,627.33,2023-07-12
177,14,123.55,2024-06-04
178,670,94.16,2024-01-10
179,327,1558.1,2024-04-22
180,596,259.13,2024-03-09
181,925,2518.56,2024-06-17
182,983,576.22,2023-04-30
183,706,570.02,2024-03-22
184,21,2067.15,2024-06-04
185,620,414.84,2023-11-26
186,535,1625.8,2024-05-28
187,542,795.13,2023-07-25
188,1164,452.97,2023-12-26
189,944,1263.11,2024-06-07
190,1165,981.18,2024-06-13
191,489,581.01,2024-02-02
192,1188,1454.97,2023-08-09
193,206,377.3,2023-06-21
194,624,744.17,2024-04-15
195,709,767.83,2024-05-05
196,1095,274.32,2024-01-24
197,380,1020.36,2023-10-23
198,368,331.47,2023-09-12
199,18,123.55,2024-06-18
200,1065,,2024-06-19
201,464,156.32,2024-06-29
202,757,247.1,2023-10-28
203,532,910.72,2023-12-04
204,290,729.9,2024-03-15
205,527,-698.0,2023-12-12
206,1087,1660.73,2023-12-09
207,116,725.76,2023-12-01
208,604,1232.49,2024-04-28
209,432,-383.46,2024-03-28
210,468,1552.93,2023-10-26
211,421,286.89,2023-04-03
212,963,860.67,2023-06-16
213,158,742.3,2023-02-20
214,916,-2472.48,2024-06-18
215,734,906.15,2024-05-06
216,762,591.84,2023-05-13
217,141,-1052.23,2024-05-01
218,960,-315.58,2023-12-13
219,900,34.97,2024-04-18
220,1205,137.16,2024-04-02
221,463,1708.49,2023-08-03
222,1247,1248.84,2024-05-12
223,610,58.68,2024-04-13
224,16,264.68,2024-06-08
225,566,1098.64,2023-06-14
226,1034,1237.11,2023-06-22
227,165,619.84,2024-04-11
228,881,2144.03,2023-05-05
229,109,1526.06,2023-03-30
230,1173,,2023-11-25
231,225,63.17,2024-04-18
232,284,141.24,2023-11-01
233,1056,592.28,2023-05-07
234,264,-343.89,2023-05-23
235,100,581.15,2024-04-10
236,740,58.68,2024-05-24
237,870,-310.27,2024-06-09
238,849,391.16,2024-06-30
239,431,362.1,2024-01-10
240,1140,,2023-08-07
241,1235,2297.81,2024-05-25
242,1068,331.47,2023-08-26
243,348,777.39,2024-02-26
244,375,1378.1,2023-12-20
245,24,1074.96,2024-06-30
246,1171,405.42,2023-07-01
247,1253,1674.2,2023-11-11
248,511,963.49,2024-03-28
249,1032,651.68,2024-04-13
250,279,-259.13,2024-01-03
251,733,483.89,2023-10-26
252,573,319.54,2023-10-17
253,774,799.4,2023-10-02
254,1070,806.14,2024-01-13
255,892,-986.85,2024-04-16
256,1241,-716.75,2024-06-23
257,814,912.13,2024-02-10
258,656,1558.95,2024-05-06
259,285,525.98,2023-05-18
260,232,-383.35,2024-06-01
261,148,1345.07,2024-06-26
262,168,1297.06,2024-06-09
263,899,-95.76,2023-10-21
264,71,643.53,2024-05-29
265,541,-788.97,2023-11-17
266,713,1713.55,2024-05-07
267,172,962.79,2024-06-30
268,958,-653.82,2023-10-22
269,169,1307.81,2024-06-27
270,265,745.08,2024-04-17
271,698,486.93,2024-05-29
272,273,324.62,2024-05-13
273,1186,934.9,2023-09-28
274,636,327.03,2023-10-26
275,1048,488.16,2023-04-23
276,842,1618.68,2023-11-03
277,1098,909.09,2023-10-19
278,133,1684.71,2024-03-03
279,396,1567.23,2023-06-01
280,39,126.34,2024-05-11
281,326,198.94,2023-10-18
282,672,951.09,2023-09-16
283,1105,,2023-09-06
284,271,-1713.06,2024-03-27
285,306,952.76,2024-06-17
286,1121,-1311.73,2024-06-13
287,167,171.13,2023-11-04
288,993,59.25,2024-05-08
289,72,208.86,2023-03-24
290,1233,,2024-06-14
291,771,-93.15,2024-01-19
292,1028,87.26,2024-03-23
293,1201,921.73,2024-06-25
294,1227,1613.75,2024-04-23
295,547,1897.82,2024-02-28
296,319,489.14,2023-12-17
297,5,-1169.97,2024-06-28
298,469,-260.86,2024-01-21
299,1086,121.18,2023-09-04
300,508,649.06,2023-09-13
301,942,1360.78,2024-06-20
302,531,932.09,2024-06-22
303,565,1264.47,2024-01-04
304,659,-31.72,2024-06-26
305,869,1370.58,2024-05-31
306,1125,286.89,2024-06-12
307,95,641.86,2024-05-15
308,96,512.54,2024-05-02
309,397,-95.76,2024-04-24
310,351,1138.32,2023-09-19
311,419,1176.86,2024-06-28
312,651,385.19,2024-06-30
313,59,-1726.87,2024-06-28
314,528,94.16,2023-12-07
315,1185,208.86,2023-10-15
316,25,1864.69,2024-06-05
317,982,720.85,2023-12-06
318,607,71.42,2024-01-06
319,245,-856.14,2024-03-12
320,26,863.2,2024-06-13
321,749,429.02,2024-05-29
322,356,1633.36,2024-05-04
323,223,860.91,2024-06-05
324,652,664.28,2024-06-10
325,1135,1308.88,2023-05-27
326,131,567.11,2024-01-03
327,154,792.21,2024-03-11
328,934,530.04,2024-06-09
329,1040,2023.29,2023-03-07
330,413,963.81,2024-06-27
331,940,1212.28,2024-06-13
332,76,764.7,2024-03-23
333,1023,530.42,2023-11-12
334,1118,627.33,2023-08-19
335,805,732.12,2024-05-09
336,378,1796.49,2024-03-31
337,1049,442.25,2024-05-16
338,1262,704.65,2023-10-17
339,509,1347.46,2023-11-20
340,599,143.64,2024-05-17
341,200,436.63,2023-03-25
342,931,905.7,2024-06-08
343,135,-274.32,2024-04-28
344,499,1561.61,2023-07-25
345,260,,2023-10-14
346,335,1611.13,2023-06-07
347,723,63.64,2024-05-11
348,4,341.69,2024-05-30
349,663,-871.98,2024-06-03
350,211,-304.29,2024-06-15
351,197,528.53,2023-11-28
352,641,641.99,2024-06-27
353,779,421.35,2023-07-15
354,639,1688.33,2023-08-17
355,27,252.08,2023-07-23
356,325,847.81,2024-04-09
357,574,355.9,2024-05-04
358,1102,1212.12,2023-09-21
359,1180,335.44,2023-11-28
360,1104,576.73,2023-09-07
361,62,843.15,2024-06-16
362,479,1039.56,2024-05-08
363,1077,1647.33,2024-03-10
364,819,1701.69,2023-09-08
365,340,689.57,2023-08-09
366,736,370.83,2024-05-18
367,737,-1324.8,2024-05-29
368,390,1618.04,2023-04-01
369,778,-151.06,2023-08-07
370,832,154.38,2024-03-05
371,1080,827.13,2023-05-08
372,490,60.59,2024-04-20
373,250,,2023-05-30
374,534,245.14,2024-04-06
375,1081,-123.55,2023-10-10
376,9,137.16,2023-05-04
377,786,,2024-06-07
378,657,783.65,2024-06-22
379,1090,-746.45,2023-09-07
380,1018,208.86,2023-12-03
381,1003,208.86,2023-02-18
382,128,821.55,2024-01-04
383,1076,1847.74,2024-03-19
384,935,648.2,2024-05-10
385,58,-661.18,2024-06-25
386,1073,1082.69,2024-05-02
387,89,1399.83,2023-11-18
388,921,1463.17,2024-04-15
389,298,261.78,2024-04-22
390,455,94.16,2024-06-23
391,218,-633.14,2024-03-09
392,649,2207.64,2024-06-02
393,1194,277.08,2023-02-13
394,345,96.95,2023-08-15
395,1128,-214.51,2024-06-25
396,1218,139.1,2024-05-25
397,415,451.87,
398,801,305.78,2023-11-09
399,452,448.93,2024-03-26
400,1132,58.68,2024-05-05
401,1089,-1206.26,2024-05-23
402,758,916.9,2024-02-09
403,411,2326.65,2024-06-29
404,1222,1244.08,2024-04-20
405,937,205.59,2024-05-04
406,267,-1453.71,2024-01-03
407,7,897.16,2024-01-27
408,692,1454.02,2024-06-06
409,139,1740.19,2023-12-09
410,164,,2023-04-28
411,1223,1462.51,2024-05-25
412,792,1475.0,2024-05-12
413,1123,-285.27,2024-06-13
414,1126,-141.24,2024-04-30
415,826,627.83,2023-12-11
416,813,732.7,2023-12-21
417,320,1235.96,2024-02-09
418,898,943.23,2023-10-14
419,864,486.93,2024-06-10
420,1236,1201.53,2024-04-15
421,295,1231.87,2024-05-22
422,510,1094.85,2024-06-23
423,603,582.06,2024-05-25
424,1203,1443.67,2024-03-21
425,689,-732.12,2023-12-20
426,20,1567.1,2024-06-09
427,451,1573.7,2023-06-17
428,1224,-341.69,2024-05-16
429,537,-706.88,2023-11-28
430,756,518.26,2024-04-21
431,755,363.38,2023-10-28
432,1103,839.0,2023-08-04
433,638,1329.58,2024-02-05
434,793,151.06,2024-05-04
435,981,681.58,2023-11-21
436,138,418.22,2024-06-29
437,1113,1053.09,2024-04-08
438,1099,842.89,2024-01-14
439,570,1406.7,2023-07-28
440,186,2180.59,2023-12-28
441,1038,71.42,2024-04-10
442,735,319.54,2024-06-26
443,1208,1016.79,2023-12-18
444,611,1474.87,2024-02-29
445,642,-967.1,2024-06-12
446,505,94.16,2024-02-27
447,1198,1531.78,2024-01-25
448,834,123.55,2023-12-05
449,328,-331.47,2024-05-08
450,318,514.99,2023-04-23
451,906,346.52,2024-06-29
452,559,1486.83,2024-03-22
453,579,1457.6,2023-12-16
454,789,572.1,2024-05-22
455,861,630.55,2024-06-08
456,480,521.82,2023-11-23
457,339,209.11,2024-06-17
458,1084,-1363.2,2023-07-31
459,1017,1009.28,2023-09-05
460,846,643.53,2024-05-24
461,1025,-331.47,2024-03-27
462,1174,843.15,2024-06-14
463,633,573.47,2024-01-28
464,1259,788.08,2023-10-18
465,247,137.16,2023-04-12
466,366,87.26,2023-09-10
467,612,370.83,2024-02-24
468,953,2246.26,2024-06-25
469,886,143.64,2024-04-05
470,880,278.2,2023-04-24
471,199,1953.7,2023-09-04
472,634,59.25,2024-03-03
473,704,59.25,2024-05-17
474,741,430.87,2024-06-17
475,653,-823.48,2024-06-15
476,877,453.18,2023-03-30
477,484,607.93,2024-02-28
478,257,944.16,2023-04-10
479,1047,1903.35,2024-02-18
480,385,-468.96,2023-08-25
481,178,972.3,2024-03-10
482,268,261.78,2023-06-02
483,315,34.97,2024-05-14
484,358,1050.69,2024-05-24
485,299,711.86,2024-04-08
486,957,1114.06,2023-10-15
487,1061,479.31,2024-04-13
488,160,347.15,2024-01-20
489,928,577.62,2024-06-30
490,361,-1054.94,2024-03-16
491,203,1022.3,2023-06-14
492,1043,322.24,2023-04-09
493,113,58.68,2023-12-27
494,1199,2024.01,2024-03-31
495,308,1633.34,2024-04-27
496,1158,1248.24,2024-05-16
497,423,1489.61,2024-02-25
498,913,1603.42,2024-06-29
499,460,418.22,2024-05-21
500,979,1547.19,2024-01-23
501,650,-15.86,2024-06-20
502,450,527.46,2023-10-03
503,688,60.59,2024-04-20
504,81,1665.24,2023-04-05
505,718,-1137.41,2023-11-06
506,216,1753.77,2024-03-29
507,674,1076.19,2024-02-15
508,31,-952.47,2024-03-28
509,243,385.08,2023-05-27
510,816,15.86,2024-03-07
511,210,-513.48,2024-05-13
512,621,-788.97,2024-03-23
513,436,-88.02,2024-03-21
514,1075,-1074.96,2023-08-13
515,1264,948.26,2023-04-26
516,1159,141.24,2024-03-12
517,552,1004.22,2024-03-24
518,545,168.55,2023-12-28
519,1215,918.63,2024-06-16
520,404,-189.51,2024-02-11
521,1258,2178.01,2024-05-03
522,363,742.95,2023-12-12
523,272,507.14,2024-01-08
524,467,1227.62,2024-05-25
525,1133,991.08,2024-06-21
526,838,157.79,2024-04-18
527,278,1572.69,2023-12-22
528,1131,402.08,2024-04-30
529,1209,488.08,2024-01-06
530,678,,2023-12-20
531,753,643.53,2024-04-28
532,443,858.32,2023-11-25
533,300,510.98,2024-04-30
534,376,274.32,2024-06-07
535,719,626.74,2024-02-14
536,868,755.76,2024-06-14
537,661,1559.74,2024-05-27
538,473,683.38,2023-04-14
539,665,315.58,2024-05-06
540,564,-453.18,2023-04-08
541,1152,532.34,2024-05-24
542,23,154.38,2024-06-28
543,587,-1330.97,2023-09-27
544,986,1454.4,2024-06-16
545,424,507.66,2023-04-16
546,1141,1213.51,2023-05-14
547,802,729.9,2024-01-13
548,952,1229.21,2024-06-28
549,766,1482.8,2024-06-12
550,143,981.02,2023-10-17
551,51,1628.1,2023-07-01
552,751,631.72,2023-12-19
553,820,1394.52,2023-09-08
554,483,372.07,2024-06-22
555,322,848.06,2024-06-16
556,1057,207.42,2024-02-20
557,1016,743.57,2024-03-22
558,1212,259.13,2024-03-09
559,67,915.23,2024-05-09
560,1122,,2024-05-07
561,1039,673.16,2024-02-15
562,831,1434.83,2024-02-06
563,418,919.25,2024-06-29
564,800,479.31,2024-04-10
565,65,-127.28,2024-05-06
566,1024,1191.8,2023-12-28
567,1015,1060.06,2024-01-13
568,120,1715.7,2023-09-17
569,492,557.68,2024-01-13
570,790,-716.64,2024-06-14
571,954,473.37,2024-03-26
572,66,343.58,2024-05-15
573,643,164.1,2023-11-12
574,1064,-832.78,2023-11-08
575,297,458.56,2024-06-20
576,439,709.92,2024-01-29
577,262,1086.3,2023-05-12
578,783,541.77,2024-02-24
579,282,153.02,2023-11-10
580,627,1255.88,2023-11-28
581,714,154.38,2024-05-29
582,1006,1391.5,2024-02-29
583,189,1456.94,2024-03-25
584,1009,,2024-04-08
585,252,1510.02,2024-03-26
586,844,1160.69,2023-11-14
587,738,214.51,2024-04-15
588,784,589.88,2024-02-16
589,515,639.78,2024-05-29
590,883,701.23,2023-07-17
591,488,704.03,2023-12-24
592,274,1539.81,2024-01-29
593,1053,1069.82,2023-05-20
594,1145,962.79,2023-12-31
595,449,414.84,2024-02-22
596,412,353.94,2024-06-28
597,961,967.7,2023-12-21
598,914,1114.11,2023-11-24
599,1107,279.87,2023-06-10
600,1050,-547.28,2023-06-16
601,150,-932.95,2024-03-13
602,658,431.91,2024-06-28
603,219,925.5,2024-06-19
604,240,364.95,2024-05-21
605,811,1587.48,2023-12-25
606,193,387.34,2023-11-23
607,192,322.57,2024-03-22
608,701,-1038.21,2024-06-24
609,1052,331.47,2023-04-10
610,681,1007.26,2023-09-27
611,645,767.47,2024-03-28
612,796,-732.38,2024-05-11
613,798,411.48,2024-05-30
614,17,915.63,2024-06-07
615,799,1353.41,2024-02-06
616,583,1554.27,2023-08-09
617,795,307.66,2024-04-26
618,628,278.2,2024-03-03
619,1181,411.48,2024-06-10
620,324,577.7,2023-10-31
621,1036,2056.79,2023-04-07
622,632,308.11,2024-06-24
623,968,610.99,2024-05-07
624,438,2535.76,2024-05-21
625,871,1224.56,2024-06-22
626,342,402.55,2024-05-30
627,3,1012.69,2023-10-11
628,230,1419.64,2023-11-13
629,984,96.95,2023-04-27
630,1228,1090.44,2024-05-04
631,77,860.67,2024-01-22
632,1231,1235.82,2024-04-25
633,372,-835.89,2023-12-16
634,1144,-624.61,2023-12-12
635,578,573.78,2023-11-02
636,829,1185.3,2024-02-23
637,856,1681.38,2023-07-20
638,1091,1560.33,2023-12-26
639,1082,523.49,2024-06-06
640,732,-104.91,2023-10-11
641,590,582.53,2023-10-17
642,873,-776.64,2023-12-21
643,923,453.18,2024-04-24
644,312,1003.74,2024-06-15
645,1074,-573.78,2024-03-03
646,1161,,2023-11-27
647,38,779.05,2023-12-31
648,354,548.86,2024-05-12
649,1168,181.77,2023-08-09
650,237,-1971.4,2024-02-06
651,1079,-1121.11,2023-09-19
652,1046,417.72,2023-08-22
653,500,1086.4,2023-12-07
654,554,677.86,2024-04-02
655,56,476.4,2023-10-01
656,303,1833.01,2024-05-21
657,287,299.47,2024-02-28
658,907,384.06,2024-06-29
659,220,841.87,2024-03-23
660,791,1469.11,2024-02-22
661,388,827.86,2023-09-12
662,830,1012.33,2023-12-14
663,391,1408.28,2023-03-04
664,353,-329.15,2024-05-17
665,194,-1437.7,2023-08-16
666,236,1914.43,2024-03-21
667,1078,978.31,2024-02-25
668,695,214.51,2023-12-24
669,481,659.16,2024-05-12
670,568,-71.42,2024-06-23
671,117,1071.66,2024-05-13
672,985,1529.9,2024-03-02
673,654,1061.25,2024-05-13
674,1063,,2023-04-30
675,1179,424.97,2024-02-26
676,863,861.59,2024-05-27
677,878,2226.03,2024-04-23
678,121,1021.25,2023-08-25
679,926,1798.34,2024-05-23
680,962,332.14,2024-04-04
681,63,247.1,2024-06-18
682,752,-177.75,2023-09-16
683,454,464.64,2023-04-16
684,516,495.57,2024-05-08
685,571,2144.6,2024-06-20
686,224,80.8,2024-05-29
687,614,983.96,2024-04-17
688,222,-1207.4,2024-03-19
689,759,788.97,2023-12-25
690,994,1316.95,2024-04-18
691,466,661.34,2024-06-06
692,1166,-1332.62,2023-03-19
693,486,1002.45,2024-06-26
694,1250,418.1,2024-06-04
695,156,-1093.7,2024-06-28
696,1109,123.55,2024-01-28
697,601,1234.18,2024-02-05
698,998,709.92,2024-06-21
699,249,972.3,2023-05-19
700,442,-1985.48,2024-05-26
701,1191,1500.0,2023-09-17
702,1169,510.98,2024-06-05
703,702,577.55,2024-04-18
704,118,1169.27,2023-09-27
705,817,732.12,2024-04-25
706,867,104.91,2024-06-10
707,292,2263.56,2024-04-15
708,1111,1347.13,2024-02-04
709,382,1472.41,2024-06-12
710,201,1519.63,2023-03-12
711,597,-556.3,2023-12-28
712,1072,-93.15,2024-02-26
713,1211,892.29,2024-03-26
714,1237,1457.22,2024-06-23
715,770,938.49,2024-01-28
716,1178,181.77,2023-09-12
717,506,-1000.4,2023-11-28
718,349,1095.47,2024-02-03
719,1172,941.17,2023-10-27
720,341,1580.91,2023-08-07
721,616,958.81,2024-01-06
722,155,365.46,2024-01-27
723,1255,-302.12,2023-10-13
724,975,1055.42,2024-06-11
725,78,-1424.04,2023-03-28
726,288,529.68,2024-03-23
727,323,401.83,2024-04-24
728,930,453.18,2024-04-25
729,929,732.12,2024-04-11
730,902,-1017.41,2024-06-29
731,1153,1648.84,2024-01-19
732,83,-1657.99,2024-05-19
733,896,989.03,2024-06-22
734,465,88.02,2024-01-10
735,903,1021.25,2024-06-30
736,1243,1090.77,2024-06-16
737,1246,619.64,2024-06-11
738,872,1094.85,2023-07-15
739,334,1573.59,2023-05-06
740,11,1987.27,2023-05-26
741,739,624.43,2024-04-27
742,471,,2023-11-05
743,33,279.45,2024-02-04
744,884,749.44,2023-09-10
745,414,683.38,2024-06-29
746,581,288.9,2024-01-05
747,383,127.28,2024-05-21
748,794,47.08,2024-05-04
749,1146,782.31,2024-05-04
750,858,1134.91,2024-06-21
751,1207,788.97,2024-01-26
752,947,255.49,2023-11-01
753,1213,29.34,2023-12-22
754,379,918.55,2024-03-15
755,90,-497.32,2024-03-22
756,1116,774.03,2024-04-12
757,602,978.52,2024-02-27
758,214,1206.36,2024-03-21
759,333,2640.9,2023-05-11
760,134,-1210.68,2024-05-23
761,347,-1524.24,2023-11-24
762,973,1754.6,2024-05-14
763,8,59.25,2024-04-07
764,978,-1051.68,2024-04-07
765,321,942.21,2024-05-11
766,1114,-1295.31,2024-03-17
767,188,-362.1,2023-12-08
768,635,-110.49,2024-05-10
769,553,783.26,2023-09-02
770,305,1513.19,2024-06-08
771,32,542.93,2023-12-04
772,1051,-1514.35,2024-06-23
773,685,159.77,2024-06-20
774,797,940.63,2024-06-26
775,1252,1506.15,2023-10-15
776,241,151.06,2024-04-12
777,68,385.08,2024-05-02
778,175,-179.09,2024-06-08
779,767,-2294.44,2024-06-22
780,1245,208.86,2024-06-05
781,246,1604.8,2024-01-04
782,57,258.01,2024-06-30
783,631,925.15,2024-01-31
784,584,1755.92,2024-06-03
785,1094,-712.26,2024-02-22
786,146,510.92,2024-04-09
787,91,59.25,2024-03-26
788,1187,-537.95,2023-05-05
789,393,431.86,2023-12-04
790,1035,-1789.87,2024-02-29
791,683,244.0,2024-02-09
792,311,-220.98,2024-05-06
793,360,632.47,2023-11-22
794,94,1346.75,2024-01-10
795,1129,2134.17,2024-05-15
796,1263,706.24,2023-04-29
797,377,508.05,2024-01-25
798,244,643.28,2023-07-13
799,1149,1003.79,2023-12-09
800,88,1421.42,2023-09-25
801,215,954.4,2024-06-25
802,445,186.78,2023-11-20
803,857,1393.02,2024-06-17
804,174,,2024-06-29
805,1232,537.52,2024-05-28
806,426,-15.86,2024-02-02
807,1110,1151.07,2023-08-27
808,119,59.25,2023-10-14
809,1257,911.64,2024-01-16
810,999,702.45,2024-04-13
811,1,1206.47,2023-04-30
812,395,-962.79,2024-04-16
813,402,-1110.83,2023-11-10
814,949,1477.67,2023-10-22
815,965,1938.22,2023-07-24
816,163,1088.08,2023-12-29
817,833,1455.16,2024-05-23
818,115,1738.79,2023-11-18
819,671,525.37,2023-09-16
820,151,1304.36,2024-06-08
821,1265,-1003.1,2023-05-23
822,888,1527.81,2024-06-27
823,562,797.91,2023-05-06
824,369,93.15,2023-10-26
825,544,261.78,2023-10-03
826,890,473.37,2024-05-23
827,478,-702.92,2024-02-18
828,533,536.54,2023-12-18
829,693,205.59,2024-06-25
830,513,1567.09,2023-11-12
831,862,383.18,2024-06-23
832,73,848.4,2024-03-27
833,1119,1526.81,2024-05-04
834,808,573.78,2023-12-10
835,259,259.13,2023-09-10
836,625,569.03,2023-12-23
837,827,1307.52,2023-12-18
838,235,1679.8,2024-02-02
839,136,34.97,2024-05-08
840,617,-1462.64,2023-09-19
841,517,1594.56,2024-02-09
842,996,701.59,2024-03-19
843,837,888.08,2023-10-08
844,843,1313.1,2024-06-24
845,803,1003.62,2024-06-20
846,852,-1034.47,2024-05-08
847,810,-255.49,2024-01-07
848,593,596.61,2024-03-06
849,1127,1285.78,2024-04-28
850,502,1309.74,2023-07-01
851,539,776.13,2023-06-17
852,1026,142.84,2024-01-18
853,729,678.19,2023-12-12
854,344,664.88,2024-02-15
855,964,1174.67,2023-05-12
856,294,408.07,2024-06-07
857,365,-625.04,2024-03-27
858,972,1092.04,2024-02-14
859,660,1302.86,2024-05-06
860,15,-142.84,2024-06-21
861,687,1653.85,2024-03-28
862,87,848.93,2024-04-02
863,371,69.94,
864,166,-1334.15,2023-10-18
865,132,-1395.26,2024-03-17
866,336,1333.65,2023-06-05
867,60,-758.05,2024-06-30
868,710,773.82,2024-06-09
869,1011,1030.34,2024-02-22
870,677,193.9,2024-03-11
871,355,1319.03,2023-08-31
872,781,1506.33,2024-06-01
873,425,60.59,2023-08-19
874,293,-452.22,2024-04-23
875,42,-509.22,2023-12-12
876,1130,304.37,2024-04-26
877,330,,2024-06-03
878,615,788.97,2023-08-07
879,430,1245.91,2023-09-18
880,80,573.78,2023-03-14
881,694,,2024-06-21
882,29,387.34,2024-06-10
883,938,,2024-06-07
884,708,573.78,2024-06-21
885,893,1010.71,2024-06-28
886,919,1696.74,2024-06-13
887,835,1160.58,2024-05-18
888,1021,1297.65,2023-10-22
889,891,1468.43,2024-05-03
890,255,417.72,2023-11-17
891,459,1534.26,2023-04-29
892,1240,433.82,2023-10-07
893,384,1330.41,2024-05-15
894,314,319.54,2024-04-25
895,85,2181.07,2024-03-03
896,575,1598.65,2024-04-28
897,763,954.22,2024-06-09
898,137,-1389.51,2024-04-05
899,112,806.04,2023-10-09
900,195,805.56,2023-09-09
901,853,278.2,2024-05-11
902,179,660.5,2024-04-20
903,556,851.36,2023-11-15
904,724,468.96,2023-08-03
905,860,214.23,2024-06-19
906,970,2094.44,2024-01-30
907,497,340.99,2023-12-09
908,951,488.33,2024-05-11
909,1115,1605.24,2023-11-28
910,806,-805.97,2024-03-12
911,130,-1128.84,2024-01-09
912,716,1075.76,2024-06-29
913,338,1086.3,2023-03-14
914,609,1841.44,2024-03-03
915,125,-158.7,2024-04-22
916,196,189.51,2024-06-30
917,227,1497.69,2023-08-09
918,690,1582.26,2024-03-20
919,269,977.12,2023-11-28
920,153,,2023-04-25
921,585,-342.75,2024-01-13
922,1029,190.92,2024-06-15
923,104,333.76,2023-06-07
924,987,2935.86,2024-05-08
925,1170,270.28,2024-02-16
926,1183,-622.32,2024-03-04
927,787,767.67,2024-06-01
928,971,828.78,2024-06-08
929,720,308.79,2023-07-25
930,885,47.08,2024-05-05
931,777,-329.94,2023-10-17
932,1027,565.29,2024-04-22
933,850,,2024-05-17
934,895,177.81,2024-06-29
935,228,244.04,2024-03-15
936,1193,664.28,2023-12-04
937,302,71.42,2024-05-15
938,855,621.18,2024-06-24
939,1000,1193.32,2024-04-15
940,276,1246.57,2024-03-19
941,127,2166.75,2024-02-19
942,406,411.18,2023-09-04
943,776,247.22,2023-06-19
944,822,207.42,2024-06-30
945,712,1218.4,2024-05-21
946,684,709.18,2024-05-06
947,750,1485.04,2024-06-28
948,1196,708.67,2024-03-07
949,37,71.42,2024-04-18
950,140,800.79,2024-02-28
951,304,1040.93,2024-06-03
952,213,662.06,2024-04-17
953,917,835.04,2024-06-14
954,676,159.77,2024-03-05
955,815,1086.3,2024-01-19
956,343,29.34,2024-01-03
957,550,863.3,2024-04-15
958,967,59.25,2023-04-10
959,696,546.81,2024-02-12
960,74,1514.82,2024-02-10
961,606,370.65,2023-11-26
962,105,1400.52,2023-07-21
963,646,93.15,2023-07-20
964,1244,126.34,2024-05-17
965,1041,1181.7,2023-11-19
966,440,852.83,2024-04-25
967,1020,-1987.47,2023-09-20
968,92,1670.36,2023-08-12
969,909,1953.84,2024-06-29
970,103,207.42,2023-08-30
971,239,2351.7,2024-05-06
972,943,1561.62,2024-05-11
973,939,1007.22,2024-05-31
974,6,-1132.62,2023-12-03
975,966,193.67,2024-04-18
976,19,374.18,2024-06-05
977,122,1542.56,2024-06-25
978,1066,258.01,2024-02-14
979,434,-88.02,2024-06-15
980,812,1451.59,2024-03-12
981,1184,58.68,2023-11-02
982,1197,-1370.65,2024-02-08
983,182,1595.71,2024-05-28
984,185,207.42,2024-04-15
985,407,1743.12,2024-03-11
986,866,931.81,2024-06-29
987,521,877.05,2024-02-23
988,1004,1321.99,2024-02-26
989,381,190.92,2024-05-16
990,428,,2023-04-24
991,79,1283.34,2023-04-08
992,1010,780.28,2024-04-28
993,1251,976.76,2024-06-16
994,608,2109.42,2023-04-19
995,1124,935.88,2024-05-27
996,1154,865.72,2024-04-05
997,1058,3230.85,2024-05-14
998,1112,539.13,2023-09-05
999,959,1002.52,2024-02-19
1000,560,370.83,2024-03-22
1001,691,279.05,
1002,1230,315.58,2024-05-07
1003,1182,972.36,2024-02-04
1004,437,1965.64,2024-03-06
1005,491,820.33,2024-06-07
1006,70,543.66,2024-05-05
1007,809,324.57,2024-02-13
1008,12,193.9,2023-04-28
1009,145,,2023-10-16
1010,918,1195.0,2024-06-02
1011,640,974.12,2024-05-28
1012,177,501.46,2023-11-14
1013,995,909.1,2024-04-29
1014,441,159.77,2024-06-11
1015,522,687.86,2023-06-13
1016,1256,706.88,2023-12-03
1017,1005,244.04,2024-06-10
1018,144,1241.45,2023-11-03
1019,754,279.45,2023-11-10
1020,823,877.28,2024-06-22
1021,429,2972.04,2024-03-27
1022,613,2203.69,2024-04-12
1023,1033,-1838.41,2023-12-16
1024,157,-247.1,2023-03-12
1025,540,1263.97,2023-08-20
1026,462,274.92,2024-06-19
1027,577,1283.1,2024-02-27
1028,256,1202.59,2023-05-13
1029,1007,,2024-02-21
1030,561,1290.0,2023-03-22
1031,209,-569.74,2024-06-03
1032,911,1953.7,2024-06-29
1033,2,-735.27,2023-11-05
1034,270,104.91,2024-06-27
1035,266,1094.16,2024-03-23
1036,915,-1212.64,2023-12-28
1037,231,798.19,2023-09-23
1038,1254,-668.34,2024-02-04
1039,1120,,2024-03-04
1040,865,258.01,2024-06-20
1041,1067,962.62,2024-05-30
1042,874,1445.02,2024-06-26
1043,1134,486.93,2023-06-22
1044,1157,2044.41,2024-04-22
1045,46,1948.31,2024-02-13
1046,162,104.91,2024-04-29
1047,992,2244.37,2024-03-27
1048,728,1728.67,2023-10-16
1049,630,769.5,2023-09-23
1050,1060,995.98,2023-12-11
1051,1238,510.98,2024-04-17
1052,851,1229.61,2024-06-07
1053,912,533.85,2024-06-29
1054,1150,1554.24,2024-03-17
1055,933,1032.13,2024-05-14
1056,1101,702.3,2023-10-14
1057,248,509.22,2023-08-14
1058,86,789.54,2024-01-16
1059,470,1763.89,2023-12-02
1060,226,419.33,2023-10-02
1061,332,1164.25,2024-04-10
1062,234,118.5,2024-06-12
1063,589,63.64,2023-08-23
1064,476,750.98,2023-05-11
1065,600,1583.16,2024-02-12
1066,422,-1374.72,2023-04-06
1067,183,-387.34,2024-01-17
1068,989,1476.9,2024-03-06
1069,1001,898.44,2023-02-04
1070,50,1930.33,2023-12-23
1071,1189,1272.69,2023-07-25
1072,1030,1008.57,2024-04-04
1073,530,-402.53,
1074,498,1246.68,2024-05-21
1075,647,193.67,2024-06-13
1076,1037,362.1,2023-09-23
1077,727,,2024-06-20
1078,191,1675.01,2024-06-03
1079,283,399.52,2023-10-23
1080,30,47.58,2023-11-30
1081,170,1419.97,2024-06-27
1082,1002,568.13,2023-03-12
1083,101,-1137.67,2023-08-28
1084,496,638.26,2023-08-20
1085,648,1272.17,2024-05-13
1086,988,573.78,2024-03-12
1087,45,156.32,2024-06-03
1088,711,1025.07,2024-04-26
1089,374,1159.78,2023-11-22
1090,679,151.06,2023-12-11
1091,567,508.13,2023-08-15
1092,848,-655.68,2024-05-01
1093,1156,-459.36,2024-04-14
1094,40,-1905.77,2023-12-07
1095,435,134.64,2024-03-06
1096,974,-820.42,2024-04-26
1097,1008,1139.48,2024-02-02
1098,457,743.33,2023-05-07
1099,261,-735.7,2023-08-19
1100,36,348.26,2023-07-23
1101,828,879.09,2023-11-28
1102,310,1928.49,2024-05-04
1103,277,788.97,2024-03-02
1104,637,244.73,2023-12-05
1105,655,-226.47,2024-05-05
1106,623,-581.23,2023-12-06
1107,845,-518.29,2024-03-11
1108,394,894.76,2023-08-14
1109,108,-1906.17,2023-04-07
1110,350,-1599.77,2023-10-26
1111,525,2073.9,2023-04-25
1112,785,15.86,2024-06-01
1113,48,1198.51,2024-01-19
1114,204,201.86,2023-05-21
1115,22,142.84,2024-06-17
1116,403,1204.95,2024-02-21
1117,1108,1720.01,2023-05-21
1118,1155,1338.63,2024-04-30
1119,990,953.23,2024-05-12
1120,742,754.52,2024-03-24
1121,1148,1846.15,2024-01-13
1122,34,1131.09,2024-02-25
1123,788,,2024-03-10
1124,924,1603.14,2024-05-15
1125,1044,468.96,2023-08-25
1126,1226,-1315.23,2024-06-13
1127,580,-523.06,2023-07-15
1128,482,1311.71,2024-03-17
1129,932,51.46,2024-06-17
1130,357,818.44,2023-06-20
1131,760,-703.18,2024-03-04
1132,93,244.04,2023-11-30
1133,1176,220.98,2024-03-25
1134,804,364.1,2024-04-24
1135,746,-634.26,2024-06-20
1136,280,47.58,2024-01-14
1137,765,-577.62,2024-06-12
1138,1261,471.85,2023-10-17
1139,401,512.31,2023-07-11
1140,258,-2459.97,2023-07-31
1141,945,227.73,2024-05-06
1142,1097,1507.37,2024-01-09
1143,1220,627.33,2024-05-31
1144,1162,1254.42,2024-04-06
1145,495,1559.22,2023-11-19
1146,773,177.75,2024-03-02
1147,551,510.98,2023-10-02
1148,202,-2404.5,2023-07-08
1149,313,729.9,2024-05-21
1150,291,1145.38,2024-03-04
1151,1214,-286.89,2024-01-23
1152,1137,676.24,2023-05-01
1153,950,-503.64,2024-06-08
1154,184,1147.49,2024-02-07
1155,1177,857.95,2023-11-01
1156,1069,1355.33,2024-04-27
1157,1031,800.3,2024-05-11
1158,251,137.16,2024-02-21
1159,824,600.65,2024-06-24
1160,1100,581.43,2023-03-25
1161,941,1233.93,2024-05-06
1162,392,174.52,2023-05-03
1163,905,439.92,2024-06-30
1164,731,417.72,2024-01-17
1165,555,279.45,2024-02-19
1166,367,47.58,2024-06-24
1167,346,174.52,2024-05-15
1168,1210,126.34,2023-12-27
1169,920,823.35,2024-06-07
1170,212,683.38,2024-04-15
1171,503,1525.75,2023-06-20
1172,538,622.26,2024-04-06
1173,1221,744.0,2024-06-12
1174,176,479.31,2024-04-14
